id,place_id,name,sub_area,latitude,longitude,address,contact,is_closed,area,description,phone,reservation,hours_text,holiday_note,hours_mon,hours_tue,hours_wed,hours_thu,hours_fri,hours_sat,hours_sun,link_website,link_instagram,link_x,link_tabelog,dog_indoor,dog_terrace,dog_large,dog_menu,dog_size_limit,dog_note,info_verified,insta_note,insta_note_date,link_instagram_post
beef0000-0000-4000-8000-000000000001,,WHAT CAFE,天王洲アイル,35.62160,139.74920,東京都品川区東品川2-1-11,,false,tokyo,アートギャラリー併設のカフェ。店内・テラスともペット同伴可。,,,11:00〜18:00（カフェL.O.17:30程度）,不定休（展示入れ替え・貸切で休館あり）,,,,,,,,https://cafe.warehouseofart.org/,@whatcafe_terrada,,,true,true,false,,小型・中型（抱っこ・カート推奨）,,2026-07-05,,,https://www.instagram.com/p/C0GgzGeyob0/
beef0000-0000-4000-8000-000000000002,,T.Y.HARBOR,天王洲アイル,35.62291,139.74731,東京都品川区東品川2-1-3,,false,tokyo,運河沿いのブルワリーレストラン。テラス席で犬同伴可。,,,ランチ 11:30〜15:00 / ディナー 17:30〜23:00 など,年中無休,,,,,,,,https://www.tyharborbrewing.co.jp/tyharbor/,@tyharbor_brewery,,,false,true,,,,,2026-07-05,,,https://www.instagram.com/p/CkVkw28MNia/
beef0000-0000-4000-8000-000000000003,,炭火×薪火×レストラン RIDE 品川 天王洲店,天王洲アイル,35.62263,139.74878,東京都品川区東品川2-2-24 天王洲セントラルタワーキャナルガーデン1F,,false,tokyo,広いテラス・ドームテント・コタツ席のあるレストラン。屋外席は全て犬OK。,,,ランチ・ディナー営業（詳細は公式サイトで要確認）,年中無休（ビル営業日に準ずる想定）,,,,,,,,https://ride-tennoz.com/,,,,false,true,,,,,2026-07-05,,,
beef0000-0000-4000-8000-000000000004,,breadworks 天王洲,天王洲アイル,35.62240,139.74790,東京都品川区東品川2-1-6,,false,tokyo,運河沿いのベーカリーカフェ。テラス席ペット同伴可。,,,10:00〜22:00程度（要公式確認）,不定休（施設営業日に準ずる）,,,,,,,,https://www.tyharborbrewing.co.jp/breadworks/,,,,false,true,,,,,2026-07-05,,,
beef0000-0000-4000-8000-000000000005,,Le Calin（ルカラン）,天王洲アイル,35.62220,139.74800,東京都品川区東品川2-1-6,,false,tokyo,天王洲アイルのペット可カフェ。,,,ランチ・ディナー営業（詳細はホットペッパーで要確認）,不定休,,,,,,,,,,,,,true,,,,,2026-07-05,,,
beef0000-0000-4000-8000-000000000006,,Monsoon Cafe 代官山,代官山,35.64700,139.70650,東京都渋谷区鉢山町15-4,,false,tokyo,代官山の緑豊かな一軒家で楽しむエスニックダイニング。テラス席と店内入口付近の一部席で犬同伴が可能。,050-5444-9110,,11:30〜23:30(フードL.O.23:00・ドリンクL.O.23:00)※平日ランチ11:30〜15:00,,,,,,,,,https://monsoon-cafe.jp/daikanyama/,,,,true,true,true,,店内は入口付近の一部席のみ犬同伴可(奥は不可),テラス席は屋根なし,2026-07-16,,,
beef0000-0000-4000-8000-000000000007,,MID TREE 代官山,代官山,35.65060,139.70320,東京都渋谷区代官山町20-23 フォレストゲート代官山 MAIN棟1F,,false,tokyo,フォレストゲート代官山内のオールデイズカフェ&レストラン。店内は小型・中型犬同伴可・大型犬はテラス席限定。,03-6416-9760,,11:00〜23:00(L.O.料理22:30),不定休,,,,,,,,https://midtree.jp/shop/daikanyama/,,,,true,true,,,大型犬はテラス席のみ利用可(店内は小型・中型犬)・1グループ2頭まで,,2026-07-16,,,
beef0000-0000-4000-8000-000000000008,,カフェ・ミケランジェロ,代官山,35.64970,139.69880,東京都渋谷区猿楽町29-3,,false,tokyo,代官山蔦屋書店の向かいにある老舗イタリアンレストラン。店内・テラスとも犬同伴可能で大型犬も可。,03-3770-9517,,平日11:00〜22:00(L.O.21:15)・土日祝10:30〜22:00(L.O.21:15)※15:00〜17:30はカフェ営業のみ,水曜定休(祝日の場合は翌日振替),,,,,,,,https://www.hiramatsurestaurant.jp/michelangelo/,,,,true,true,true,,,,2026-07-16,,,
beef0000-0000-4000-8000-000000000009,,IVY PLACE,代官山,35.65000,139.69950,東京都渋谷区猿楽町16-15(代官山T-SITE内),,false,tokyo,代官山蔦屋書店に隣接するカフェ・ダイニング。緑に囲まれたテラス席のみ犬同伴可能(店内は不可)。,03-6415-3232,,8:00〜23:00,,,,,,,,,https://www.tysons.jp/ivyplace/,,,,false,true,,,,テラス席は予約制(電話のみ・ネット予約不可),2026-07-16,,,
beef0000-0000-4000-8000-000000000010,,ブルーボトルコーヒー 代官山カフェ,代官山,35.65065,139.70310,〒150-0034 東京都渋谷区代官山町20-23 フォレストゲート代官山 MAIN棟1階,,false,tokyo,サステナブルをコンセプトにしたブルーボトルコーヒーの店舗。店内の一部席とテラス席で犬同伴可能・大型犬はテラス限定。,,,8:00〜20:00(月〜日),,,,,,,,,https://store.bluebottlecoffee.jp/pages/daikanyama,,,,true,true,,,大型犬はテラス席のみ(1グループ3頭まで),,2026-07-16,,,
beef0000-0000-4000-8000-000000000011,,BONTA ITALIA(ボンタイタリア),代官山,35.64780,139.70150,〒150-0033 東京都渋谷区猿楽町12-35 t+Daikanyama 1F,,false,tokyo,ローマ風生地「ピンサ」の専門店。店内・テラスとも犬同伴可能で大型犬も可。,03-6455-2629,,水・木11:00〜21:00・金土日11:00〜22:00,月・火定休,,,,,,,,https://www.bontaitalia.co/daikanyama,,,https://tabelog.com/tokyo/A1303/A130303/13257400/,true,true,true,,,,2026-07-16,,,
beef0000-0000-4000-8000-000000000012,,vegewest Cafe & WineBar(代官山vegewest),代官山,35.65200,139.70100,〒150-0034 東京都渋谷区代官山町13-4 セレサ代官山1F,,false,tokyo,新鮮野菜にこだわる八百屋に併設されたカフェ&ワインバー。店内で大型犬も同伴可能。,03-6427-0710,,カフェ11:00〜17:30・ワインバー17:30〜23:30(L.O.),年末年始・不定休,,,,,,,,https://vegewest.jp/,,,,true,,true,,,,2026-07-16,,,
beef0000-0000-4000-8000-000000000013,,CIRTY CAFE(サーティーカフェ),代官山,35.65040,139.70270,東京都渋谷区代官山町20-12(フォレストゲート代官山 TENOHA棟),,false,tokyo,フォレストゲート代官山TENOHA棟にあるサーキュラーコンセプトのカフェ。店内・テラスとも大型犬まで同伴可能な紹介あり。,,,CAFE・SHOP 10:00〜17:30・BAR 18:00〜23:00,,,,,,,,,https://cirty.jp/,,,,true,true,true,,,,2026-07-16,,,
beef0000-0000-4000-8000-000000000160,,DOG DEPT + CAFE 浅草隅田川テラス店,浅草・蔵前,35.70860,139.79720,東京都台東区駒形2-1-30 1F,,false,tokyo,隅田川沿い・スカイツリー方面を望むドッグウェアブランド運営のカフェ。店内での犬同伴可能な席がある。,03-5828-3936,,平日12:00〜16:00・17:00〜21:00／土11:00〜21:00／日祝11:00〜20:00,火曜定休,,,,,,,,https://www.dogdept.com/shoplist/area03_21.html,,,,true,true,,true,,,2026-07-17,,,
beef0000-0000-4000-8000-000000000161,,La VASARA CAFE&GRILL,浅草・蔵前,35.71460,139.79380,東京都台東区浅草2-1-3,,false,tokyo,浅草寺裏にある隠れ家風イタリアンバル。屋根付きテラス席で犬と食事ができる。,03-6231-7838,,11:30〜23:00,年中無休,,,,,,,,,,,,,true,,,,,2026-07-17,,,
beef0000-0000-4000-8000-000000000162,,FUGLEN ASAKUSA,浅草・蔵前,35.71350,139.79320,東京都台東区浅草2-6-15,,false,tokyo,隅田川近くにあるノルウェー発のコーヒー&ワッフル店。テラス席のみ犬同伴可能。,,,月〜木8:00〜21:00（L.O.20:30）／金〜日・祝8:00〜23:00（L.O.22:30）,,,,,,,,,https://fuglencoffee.jp/en/pages/fuglen-asakusa,,,,false,true,true,,,,2026-07-17,,,
beef0000-0000-4000-8000-000000000163,,Paradise Poke蔵前,浅草・蔵前,35.70400,139.79000,東京都台東区蔵前2-4-8,,false,tokyo,蔵前駅近くのポキボウル専門店。混雑時を除き店内で犬と食事ができる。,050-5571-0519,,,,,,,,,,,,,,,true,,true,,,混雑状況により店内同伴に制限がある場合がある（出典記載）,2026-07-17,,,
beef0000-0000-4000-8000-000000000164,,まるごとVeganダイニング浅草,浅草・蔵前,35.71180,139.79780,東京都台東区花川戸1-3-13 矢吹ビル1階,,false,tokyo,浅草・隅田公園近くのヴィーガン料理専門レストラン。店内で犬（大型犬含む）と食事ができる。,,,火11:30〜15:00／水〜日11:30〜15:00・18:00〜20:30,月曜定休,,,,,,,,https://dining.marugotovegan.com/,,,,true,true,true,,,,2026-07-17,,,
beef0000-0000-4000-8000-000000000165,,marble,浅草・蔵前,35.69950,139.78870,東京都台東区蔵前4-1-4,,false,tokyo,蔵前と浅草橋の境にあるスイーツカフェ。イートイン時はカートやドッグバッグに入れれば犬同伴可能。,,,9:00〜19:00（L.O.18:30）,年中無休（年末年始を除く）,,,,,,,,,,,https://tabelog.com/en/tokyo/A1311/A131103/13275522/,true,,,,イートイン時はカート・ドッグバッグに入れられるサイズに限る（テイクアウトはそのまま入店可）,,2026-07-17,,,
beef0000-0000-4000-8000-000000000166,,Pretty Good - coffee & donut,浅草・蔵前,35.69750,139.78620,東京都台東区柳橋2-20-13 HOTEL OUROUR 1F,,false,tokyo,柳橋のホテル併設ドーナツ&コーヒー店。入口付近の一部店内席とテラス席で犬同伴可能。,03-5829-6470,,9:00〜18:00,,,,,,,,,https://ourour.jp/pretty-good/,,,,true,true,,false,,店内は入口付近の一部席のみ犬同伴可,2026-07-17,,,
beef0000-0000-4000-8000-000000000167,,EZO DELI,浅草・蔵前,35.69750,139.78850,東京都台東区浅草橋1-26-6 イチホテル浅草橋1F,,false,tokyo,犬同伴歓迎のホテル「イチホテル浅草橋」に併設されたカフェ。店内で犬と食事ができる。,,,,,,,,,,,,,,,,true,,true,true,,,2026-07-17,,,
beef0000-0000-4000-8000-000000000100,,バーガーマニア 恵比寿店,恵比寿・広尾,35.64593,139.71322,東京都渋谷区恵比寿4-9-5 マンションニュー恵比寿1F,,false,tokyo,恵比寿駅東口近くにある厚切りパティが評判のハンバーガー店。店内・テラスとも犬同伴で利用できる。,03-6277-4221,,11:00〜22:00,無休,,,,,,,,https://maniacorporation.com/burger-mania,,,https://tabelog.com/tokyo/A1303/A130302/13166437/,true,true,true,,,,2026-07-17,,,
beef0000-0000-4000-8000-000000000101,,バーガーマニア 広尾店,恵比寿・広尾,35.65183,139.72249,東京都港区南麻布5-15-25 六幸館2F,,false,tokyo,広尾駅前にあるハンバーガー専門店。テラス席と奥のソファー席を含む店内全席が犬同伴で利用できる。,03-5422-7899,,月〜金11:30〜23:00(L.O.22:00)・土祝11:00〜23:00(L.O.22:00)・日11:00〜22:00(L.O.21:30),第3月曜定休(祝日の場合は翌火曜),,,,,,,,https://maniacorporation.com/burger-mania,,,https://tabelog.com/tokyo/A1307/A130703/13123717/,true,true,,,,,2026-07-17,,,
beef0000-0000-4000-8000-000000000102,,Areverie TERRACE Ebisu(アレヴェリー テラス エビス),恵比寿・広尾,35.65000,139.71270,東京都渋谷区広尾1-1-39 プライムスクウェアタワー1F,,false,tokyo,恵比寿駅近くのアメリカンダイナー風カフェ&ダイニングバー。店内・テラスとも犬同伴可で犬用メニューも用意する。,03-5464-3721,,月〜木・日・祝11:30〜22:00・金土11:30〜翌0:00,,,,,,,,,https://areverieterrace.owst.jp/,@areverie_terrace,,,true,true,,true,,大型犬可否は出典間で記載に差あり(公式サイト・petokotoは犬種を限定せず同伴可、doghuggyは小型犬の店内利用のみ記載)。要個別確認,2026-07-17,,,https://www.instagram.com/reel/DGH40Qdz22y/
beef0000-0000-4000-8000-000000000103,,BONDI CAFE 広尾店(ボンダイカフェ広尾店),恵比寿・広尾,35.65140,139.72299,東京都港区南麻布5-15-9 バルビゾン70 1F,,false,tokyo,広尾駅から徒歩1分、オーストラリアの海辺をイメージした開放的なカフェ。店内・テラスとも犬同伴可能。,03-5422-9449,,9:00〜23:00(L.O.22:00・ドリンクL.O.22:20),年末年始休,,,,,,,,,,,https://tabelog.com/tokyo/A1307/A130703/13108192/,true,true,,true,,犬用マットの貸出あり(dog-eats.tokyoより),2026-07-17,,,
beef0000-0000-4000-8000-000000000104,,evergreen cafe restaurant EBISU(エヴァーグリーン カフェ レストラン エビス),恵比寿・広尾,35.64270,139.71194,東京都渋谷区恵比寿南1-26-1 恵比寿南一公園内 1F/2F,,false,tokyo,恵比寿南一公園内にあるペットウェルカムを掲げるカフェレストラン。店内での犬同伴可能で犬用メニューもある。,03-6452-2659,,ランチ11:30〜17:00(L.O.16:30)・ディナー18:00〜21:00(L.O.20:30),,,,,,,,,https://evergreen-pet.com/,,,,true,,true,true,,,2026-07-17,,,
beef0000-0000-4000-8000-000000000105,,天現寺カフェ,恵比寿・広尾,35.64738,139.72399,〒106-0047 東京都港区南麻布4-12-2 ピュアーレ広尾1F,,false,tokyo,南麻布のソファー席主体の落ち着いたカフェ。グリーンに囲まれたテラス席のみ犬同伴可能。,03-5475-6788,,11:00〜22:00,年中無休,,,,,,,,https://tengenjicafe.jp/,,,,false,true,,,,,2026-07-17,,,
beef0000-0000-4000-8000-000000000106,,薬膳&米粉カフェ やまのひつじ,恵比寿・広尾,35.64780,139.70583,東京都渋谷区恵比寿西1-26-2,,false,tokyo,恵比寿と代官山の間の住宅街にある薬膳と米粉スイーツの隠れ家カフェ。看板犬がいる店内に小型・中型犬まで同伴可能。,,,火・水・土・日11:30〜15:00,月・木・金定休,,,,,,,,https://hitsuzi.chagasi.com/,,,,true,,false,,大型犬は不可(小型・中型犬のみ),看板犬のこむぎが犬が少し苦手なため、無理に近づいたり触ったりしないよう案内あり(wankonowaより),2026-07-17,,,
beef0000-0000-4000-8000-000000000107,,セガフレード・ザネッティ・エスプレッソ 広尾店,恵比寿・広尾,35.65118,139.72343,〒106-0047 東京都港区南麻布5-16-7 H・T南麻布ビルV 1・2F,,false,tokyo,広尾駅近くのイタリアンスタイルのエスプレッソカフェ。開放的なテラス席のみ犬同伴が可能。,,,7:00〜22:30,,,,,,,,,https://www.segafredo.jp/shop/hiroo/,,,,false,true,,,,,2026-07-17,,,
beef0000-0000-4000-8000-000000000020,,bills 二子玉川,二子玉川,35.61270,139.62500,〒158-0094 東京都世田谷区玉川2-27-5 玉川高島屋S・Cマロニエコート3F,,false,tokyo,玉川高島屋内にあるオーストラリア発のカフェ&レストラン。国内bills屈指の広さのテラス席が特徴で、犬同伴可否については出典によって案内が分かれている。,03-3708-3377,,8:30〜21:00(フードL.O.20:00・ドリンクL.O.20:30),,,,,,,,,https://www.billsjapan.com/en/locations/futakotamagawa,,,,false,true,,,,出典間で情報が対立: 公式サイト・「ペット可まとめ」等はテラス席でのペット同伴可(補助犬以外は要問合せ)と案内する一方、一休.comの店舗情報欄は「同伴不可」と明記。運営側での実地確認を推奨(単独の否定情報のため未登録のまま可否欄は空欄とした)。,2026-07-17,,,
beef0000-0000-4000-8000-000000000021,,RIGOLETTO spice market,二子玉川,35.61130,139.62800,〒158-0094 東京都世田谷区玉川2-21-1 二子玉川ライズ・ショッピングセンター ステーションマーケット1F,,false,tokyo,二子玉川ライズ内、大航海時代の香辛料交易をテーマにしたネオビストロ。看板に「PET WELCOME」と掲げ、テラス席で犬同伴が可能。,03-5491-4470,,11:00〜23:00(フードL.O.22:00・ドリンクL.O.22:30),,,,,,,,,,,,,,true,,,,,2026-07-17,,,
beef0000-0000-4000-8000-000000000022,,CHICHICAFE,二子玉川,35.60850,139.62950,東京都世田谷区玉川1-2-8,,false,tokyo,二子玉川駅から徒歩7〜8分、緑に囲まれた一軒家風のカフェ&かき氷店。テラス席で犬同伴が可能。,03-6411-7958,,月・火・水11:00〜22:00(L.O.21:00)・木〜日・祝8:30〜22:00(L.O.21:00),不定休,,,,,,,,,,,,,true,,,,出典間で差異あり: 1件は「テラス席(12〜2月は店内も利用可)・大型犬も対応」と紹介する一方、他の2件はテラス席限定とのみ案内(季節限定の店内可否・大型犬対応は未確認)。,2026-07-17,,,
beef0000-0000-4000-8000-000000000023,,Cafe Lisette 二子玉川店,二子玉川,35.60980,139.62380,東京都世田谷区玉川3-9-7,,false,tokyo,食べログカフェ百名店にも選ばれた二子玉川の人気カフェ。テラス席で犬同伴が可能。,03-5717-3779,,平日11:30〜18:00(L.O.17:30)・土日祝11:00〜18:00(L.O.17:30),,,,,,,,,,,,,,true,,,,単独出典(食べログ英語版のペット可表示)のみでの確認のため、要重点検証。,2026-07-17,,,
beef0000-0000-4000-8000-000000000024,,Bleue Blanche（ブルーブランシュ）,二子玉川,35.60930,139.62350,東京都世田谷区玉川3-12-13 朋友プラッツ(PLATSビル)1F,,false,tokyo,1993年創業、地元で「B.B.」と呼ばれ親しまれるイタリアン&フレンチ。通常はテラス席のみ犬同伴可能で、月に数日の「わんちゃんデー」に限り小型犬は店内にも同伴できる。,03-3708-5012,,日・月・祝11:30〜23:00・火水木11:30〜24:00・金土・祝前日11:30〜25:00,,,,,,,,,,,,,true,true,,,「わんちゃんデー」の店内同伴は小型犬のみ(中型犬・大型犬・ヒート中は不可),店内同伴可能日は毎月1日・11日・21日(出典により31日も)。トイレのしつけ・ワクチン証明・無駄吠えのしつけ・リード使用・カフェマット持参が条件(出典による)。それ以外の日はテラス席のみ同伴可。テラス席の犬サイズ制限の明記なし。,2026-07-17,,,
beef0000-0000-4000-8000-000000000025,,Le Maghreb（ル・マグレブ）,二子玉川,35.60960,139.62370,東京都世田谷区玉川3-10-11 1F,,false,tokyo,二子玉川高島屋裏にある本格モロッコ料理店。テラス席で犬同伴が可能。,03-3709-2664,,曜日により異なる(例: 月11:30〜15:00・17:30〜22:30),,,,,,,,,,,,,,true,,,,出典間で差異あり: 2件はテラス席限定と案内する一方、食べログ英語版は「店内の一部・テラスともペット同伴可」と紹介。店内可否の詳細は未確認。,2026-07-17,,,
beef0000-0000-4000-8000-000000000026,,Mallorca（マヨルカ）二子玉川,二子玉川,35.61100,139.62770,東京都世田谷区玉川1-14-1 二子玉川ライズ・ショッピングセンター テラスマーケット2F(公式店舗ページでは建物代表住所として玉川2-21-1と案内),,false,tokyo,1931年創業、スペイン王室御用達の老舗グルメストアが展開するカフェ。テラスマーケット前のテラス席で犬同伴が可能。,03-6432-7220,,物販9:00〜20:00・カフェ9:00〜22:00(L.O.21:00),,,,,,,,,,,,,,true,,,,テラス席は暖房器具(屋外ヒーター)を完備との紹介あり(出典による)。,2026-07-17,,,
beef0000-0000-4000-8000-000000000027,,Ron Herman Cafe 二子玉川店,二子玉川,35.61400,139.62150,東京都世田谷区玉川4-1-25 玉川高島屋S・Cアイビーズプレイス3F,,false,tokyo,玉川高島屋アイビーズプレイス最上階、緑に囲まれたウッドデッキテラスが特徴のカフェ。テラス席で犬同伴が可能。,050-5592-2657,,10:00〜20:00(フードL.O.19:00・ドリンクL.O.19:30),,,,,,,,,,,,,,true,,,,犬用の水やリードフックを用意しているとの紹介あり(出典による)。,2026-07-17,,,
beef0000-0000-4000-8000-000000000014,,自由が丘 カスタネット,自由が丘,35.60550,139.66980,東京都目黒区自由が丘2-9-23 ラポール自由が丘1F,,false,tokyo,40年以上続く自由が丘の老舗イタリアン。テラス席に加えて店内の一部でも犬同伴が可能。,03-3723-9239,,11:00〜23:30,,,,,,,,,https://jiyugaoka-castanet.favy.jp/,,,https://tabelog.com/tokyo/A1317/A131703/13003273/,true,true,,,,公式は「テラスだけでなく店内一部わんちゃんOK」と案内(口コミでは店内全エリアOKとする紹介もあり・要現地確認),2026-07-17,,,
beef0000-0000-4000-8000-000000000015,,JIYUGAOKA BURGER(自由が丘バーガー),自由が丘,35.60780,139.66830,〒152-0035 東京都目黒区自由が丘1-3-15 BISビル4F,,false,tokyo,国産無農薬野菜や北海道産牛100%パテにこだわるハンバーガー店。屋上テラス席でのみ愛犬と食事ができる。,050-5485-3534,,月〜金11:00〜21:00(L.O.20:30)・土日祝10:00〜21:00(L.O.20:30),,,,,,,,,https://ghzt100.gorp.jp/,,,,false,true,,,,屋上テラス席のみ犬同伴可・店内不可(公式は詳細は問合せ要とのみ案内),2026-07-17,,,
beef0000-0000-4000-8000-000000000016,,SHUTTERS 自由が丘,自由が丘,35.60380,139.66580,〒158-0083 東京都世田谷区奥沢5-27-15 自由が丘ソレイユビル,,false,tokyo,世田谷区奥沢の老舗イタリアン。テラス席限定で犬種を問わずペット同伴可能。,03-3717-0111,,,,,,,,,,,https://www.ys-int.com/jiyugaoka.html,,,,false,true,true,,,犬同伴可能な席はテラスの4テーブル・8席に限定(予約可),2026-07-17,,,
beef0000-0000-4000-8000-000000000017,,LATTE GRAPHIC 自由が丘店,自由が丘,35.60720,139.66900,〒152-0035 東京都目黒区自由が丘1丁目8-18 自由が丘ノーブル2F,,false,tokyo,オーストラリアのカフェ文化を取り入れた自由が丘の人気カフェ。テラス席限定で犬同伴可能。,03-6421-2242,,7:00〜22:30(L.O.22:00),,,,,,,,,https://lattegraphic.co.jp/shoplist/shoplist-2-351/,,,,false,true,,true,,テラス席限定・店内不可・ワンちゃん用メニュー(300円)あり,2026-07-17,,,
beef0000-0000-4000-8000-000000000018,,TRATTORIA Mocco,自由が丘,35.60320,139.66480,東京都世田谷区奥沢6-33-8,,false,tokyo,自由が丘駅南口徒歩3分、隠れ家的な本格イタリアン。店内入口側の限られた席のみ犬同伴可能。,050-5485-2419,,月〜金17:00〜24:00・土日ランチ11:30〜15:00・ディナー17:00〜23:00,,,,,,,,,https://tramocco.gorp.jp/,,,,true,,true,,店内は入口側4人掛け×4席のみ犬同伴可(奥のエリアは不可),店内が狭いため大型犬は注意との紹介あり,2026-07-17,,,
beef0000-0000-4000-8000-000000000019,,Plus veganique(プラスヴィーガニック自由が丘),自由が丘,35.60980,139.66630,東京都目黒区自由が丘1-19-23,,false,tokyo,自由通り沿いのオーガニック&ヴィーガン一軒家カフェ。ソファ席1席限定で小型犬のみ同伴可能。,090-9823-8310,,ランチ12:00〜15:00・ディナー17:00〜23:00(L.O.21:00),,,,,,,,,https://www.plus-veganique.com/,,,,true,,,,小型犬のみ(ソファ席1席限定),該当席は1席のみのため要予約推奨。犬同伴席の階は出典間で相違あり(dog-eats=上階寄り/hachidory=1階)・要現地確認,2026-07-17,,,
beef0000-0000-4000-8000-000000000040,,八十八夜 吉祥寺店,吉祥寺,35.70180,139.57780,〒180-0005 東京都武蔵野市御殿山1-2-1 御殿山デュープレックスR's 2F,,false,tokyo,吉祥寺通り沿いの和モダンな創作和食ダイニング。犬同伴は公式サイトの案内ではテラス席限定。,0422-24-9490,,11:00〜13:00・13:30〜15:30(ランチ2部制)・17:00〜22:00(ディナー)※日曜はランチのみ,年末年始(12/31〜1/3)休業,,,,,,,,https://88ya.jp/,,,,false,true,true,,テラス席のみ犬同伴可(店内不可・公式サイト記載)。大型犬もテラスなら可との専門サイト記載あり,出典間で「店内も同伴可」とする専門サイトの記載もあり、公式サイトの現行案内(テラス限定)と相違があるため要確認,2026-07-17,,,
beef0000-0000-4000-8000-000000000041,,The House of Hounds by fäfä,吉祥寺,35.70140,139.57760,東京都武蔵野市御殿山1-3-3 A＊G INOKASHIRA-KOEN West棟2F,,false,tokyo,井の頭公園沿いにある、ベビー・キッズブランドfäfä発の犬同伴カフェ&ブティック。ドッグメニューあり。,070-6489-2020,,9:00〜18:00,,,,,,,,,,@thehohbyfafa,,,true,true,true,true,大型犬はテラス・屋上席のみ(専門サイト記載),ワクチン接種済みの犬のみ・ヒート中の犬は同伴不可(専門サイト記載),2026-07-17,,,https://www.instagram.com/p/DaXiMc2KTKm/
beef0000-0000-4000-8000-000000000042,,ラ・ベファーナ 吉祥寺,吉祥寺,35.70130,139.57920,東京都武蔵野市吉祥寺南町1-10-11,,false,tokyo,吉祥寺公園口近くの一軒家イタリアン。冬季もビニールシートで暖かいテラス席でのみ犬同伴可能。,050-3184-1685,,11:30〜15:00(L.O.14:30)・17:00〜23:00(L.O.22:00),,,,,,,,,https://akr2187802039.owst.jp/,,,,false,true,,,,,2026-07-17,,,
beef0000-0000-4000-8000-000000000043,,Pizzeria&Trattoria GONZO 吉祥寺店,吉祥寺,35.70650,139.57940,〒180-0004 東京都武蔵野市吉祥寺本町2-12-6 グラニコビル1F,,false,tokyo,吉祥寺本町の本格ナポリピッツェリア。ビニールシート付きの暖かいテラス席でのみ犬同伴可能。,0422-27-2375,,11:00〜22:00(L.O.21:30)・金11:00〜23:00(L.O.22:00),無休(年末年始休),,,,,,,,,@gonzo_kichijoji,,,false,true,,,,ビニールシートで覆われたテラス席・ペットカート可(専門サイト記載),2026-07-17,,,https://www.instagram.com/reel/C0fZcNcS8iC/
beef0000-0000-4000-8000-000000000044,,カフェ・ドゥ・リエーヴル うさぎ館,吉祥寺,35.69850,139.57180,東京都武蔵野市御殿山1-19-43,,false,tokyo,井の頭公園の森の中にたたずむガレット専門の一軒家カフェ。店内で犬同伴の食事が可能。,0422-43-0015,,10:30〜19:30,年中無休,,,,,,,,,,,,true,,true,,,,2026-07-17,,,
beef0000-0000-4000-8000-000000000045,,氷屋ぴぃす,吉祥寺,35.70240,139.57960,〒180-0003 東京都武蔵野市吉祥寺南町1-9-9,,false,tokyo,看板犬「ぴぃす」がいる吉祥寺の人気かき氷専門店。店内で犬同伴が可能。,,,火〜土10:00〜19:30・日・月10:00〜17:30,,,,,,,,,,,,,true,,true,,,,2026-07-17,,,
beef0000-0000-4000-8000-000000000046,,SYUNA & BANI（シュナ＆バニ）,吉祥寺,35.70080,139.57900,〒180-0003 東京都武蔵野市吉祥寺南町1-15-7 2F,,false,tokyo,犬用品ショップに併設された小さなドッグカフェ。店内で犬同伴可能(出典により小型犬中心との記載あり)。,0422-49-0790,,11:00〜19:00(L.O.18:30),火曜定休,,,,,,,,https://www.syuna-bani.net/,,,,true,,,true,,出典により「大型犬OK」「入店範囲は小型犬」の記載に相違があり要確認,2026-07-17,,,
beef0000-0000-4000-8000-000000000120,,CAFE TANTON（カフェタントン）,清澄白河・門前仲町,35.68100,139.79650,東京都江東区三好2-9-9-103,,false,tokyo,清澄白河駅近くの一軒家カフェ。店内全席で犬同伴が可能で、大型犬も歓迎されている。,03-6555-2995,,月・火10:00〜18:00／水〜金10:00〜21:00／土9:00〜21:00／日9:00〜18:00,,,,,,,,,,@cafe_tanton,,https://tabelog.com/tokyo/A1313/A131303/13257909/,true,,true,true,,リードフックあり・犬用の水/食事を提供,2026-07-17,,,https://www.instagram.com/p/C0QSCl7vQP5/
beef0000-0000-4000-8000-000000000121,,iki Roastery & Eatery,清澄白河・門前仲町,35.68500,139.79650,東京都江東区常盤1-4-7,,false,tokyo,隅田川沿いの倉庫をリノベーションしたカフェ&イータリー。店内・テラスとも犬同伴が可能。,03-6659-2570,,平日8:00〜17:00(料理L.O.16:00)・土日8:00〜18:00(料理L.O.17:00),定休日は出典により記載が異なる(要確認),,,,,,,,https://iki-espresso.com/,@iki_espresso,,,true,true,,false,,大型犬・犬種条件は要問い合わせ(明記なし)。犬用メニューの提供はなし,2026-07-17,,,https://www.instagram.com/reel/C_CPpkqygL8/
beef0000-0000-4000-8000-000000000122,,SUNNY's cafe＆surf（サニーズカフェ）,清澄白河・門前仲町,35.68200,139.79800,東京都江東区白河1-3-4,,false,tokyo,トリミングサロンを併設したカフェ。国産食材のベーグルやパニーニが人気で、店内・テラスとも犬同伴が可能。,03-5875-9558,,火〜日・祝11:00〜18:00,月曜定休,,,,,,,,,,,https://tabelog.com/tokyo/A1313/A131303/13251582/,true,true,,,大型犬は要相談(来店前に電話確認を店舗が案内),,2026-07-17,,,
beef0000-0000-4000-8000-000000000123,,anea cafe Monnaka village（アネアカフェ門前仲町ビレッジ）,清澄白河・門前仲町,35.67150,139.79750,東京都江東区富岡2-9-11 東京門仲ビレッジ1F,,false,tokyo,観葉植物に囲まれたデザイナーズカフェ。店内・テラスとも犬同伴が可能で、リードフックやカフェマットが用意されている。,03-6458-5527,,11:30〜22:00(フードL.O.21:00・ドリンクL.O.21:30),年末年始のみ休業,,,,,,,,,@aneacafe_monnaka_village,,,true,true,,,,大型犬の受入れ度合いは出典により評価が分かれる(要個別確認),2026-07-17,,,https://www.instagram.com/p/DEHkfmLTyAF/
beef0000-0000-4000-8000-000000000124,,プラスアルファキッチン（ラムと豪州ジビエバル）,清澄白河・門前仲町,35.67450,139.79450,東京都江東区門前仲町1-12-8 ミナミビル1F,,false,tokyo,カンガルーなど豪州ジビエ肉を扱うバル。テラス席2卓と店内入口側1卓に限り犬同伴が可能。,03-6458-8240,,ランチ(平日)11:40〜14:00・ディナー(月〜金)18:00〜24:30・ディナー(土日祝)17:00〜23:30,,,,,,,,,https://takatakeshi.wixsite.com/plus-alpha-kitchen,@plusalpha52,,https://tabelog.com/tokyo/A1313/A131303/13180864/,true,true,true,true,店内は入口側1卓のみ・テラスは2卓(合わせて少数のため事前予約が望ましい),カフェマット持参必須・ペット同伴は要予約(電話またはDM),2026-07-17,,,
beef0000-0000-4000-8000-000000000125,,シャテール（chatiere）,清澄白河・門前仲町,35.67150,139.79200,東京都江東区永代2-23-7,,false,tokyo,門前仲町の完全予約制フレンチレストラン。犬はカート持参で店内に同伴が可能で、専用のドッグフレンチコースも用意されている。,03-3642-8672,,ランチ12:00〜15:30・ディナー18:00〜22:00(完全予約制),定休日なし(夏季・年末年始休あり),,,,,,,,https://chatiere-tokyo.com/,,,https://tabelog.com/tokyo/A1313/A131303/13008017/,true,,,true,入店にはペットカートが必要,ドッグフレンチ(犬種・年齢に応じた専用コース¥4500〜)は同伴時必ず注文,2026-07-17,,,
beef0000-0000-4000-8000-000000000126,,CLANN BY THE RIVER（旧PITMANS）,清澄白河・門前仲町,35.67750,139.79600,東京都江東区清澄1-1-7 LYURO東京清澄 THE SHARE HOTELS 2F,,false,tokyo,隅田川沿いの複合ホテル内レストラン。ウッドテラス席に限り犬同伴が可能(店内は不可)。,,,7:00〜22:00(モーニング7:00-10:00・ブランチ10:00-11:30・ランチ11:30-15:00・カフェ15:00-17:00・ディナー17:00-22:00),月1回程度のメンテナンス休業あり(不定),,,,,,,,https://clannbytheriver.jp/,@clann_bytheriver,,https://tabelog.com/tokyo/A1313/A131303/13207479/,false,true,true,true,,テラスにリードフックあり・お水とドッグトリーツを提供,2026-07-17,,,https://www.instagram.com/p/C_aV13OS8Uf/
beef0000-0000-4000-8000-000000000127,,PIZZERIA PICCHI（ピッツェリア ピッキ）,清澄白河・門前仲町,35.67400,139.79950,東京都江東区冬木6-18,,false,tokyo,薪窯焼きナポリピッツァが自慢の一軒家イタリアン。テラス席に限り犬同伴が可能。,03-5639-1285,,ランチ11:30〜14:00(L.O.)・ディナー17:30〜22:00(L.O.),月曜定休,,,,,,,,https://pizzeriapicchi.jp/index.html,,,,false,true,,,,,2026-07-17,,,
beef0000-0000-4000-8000-000000000060,,BLACK TERRACE,中目黒,35.64610,139.69470,東京都目黒区青葉台3-1-12 青葉台イーストビル4F,,false,tokyo,目黒区青葉台の高架下エリアにあるカリフォルニア料理レストラン。店内・テラスとも犬同伴可能で犬用メニューも用意。,03-6416-3894,,火〜金11:00〜15:00・18:00〜23:00(土日祝は18:00〜22:00),月曜・毎月最終日曜定休,,,,,,,,https://www.black-terrace.jp/,@black_terrace,,,true,true,true,true,ソファ・イス着席は体重7kg以下の犬のみ(キャリー・膝上限定)・それ以外は床上でリード対応,来店時は事前連絡必須・1グループ原則3頭まで・店内はリードを短く持つかキャリー使用・テラス席は会員制,2026-07-17,,,https://www.instagram.com/p/C8eWEZqPW5u/
beef0000-0000-4000-8000-000000000061,,Onigily Cafe(オニギリーカフェ),中目黒,35.64790,139.69750,東京都目黒区中目黒3-1-4,,false,tokyo,特Aランク米のおにぎりを楽しめる専門カフェ。店内はどの席も犬同伴可能。,03-5708-5342,,8:00〜16:00,不定休,,,,,,,,http://onigily.com/onigily-cafe/,,,https://tabelog.com/tokyo/A1317/A131701/13173987/,true,true,true,false,,カート利用は入口付近の席のみ・犬用メニュー/お水サービスなし,2026-07-17,,,
beef0000-0000-4000-8000-000000000062,,& OIMO TOKYO CAFE 中目黒店,中目黒,35.64320,139.69580,東京都目黒区青葉台1-14-4 CONTRAL nakameguro 1F,,false,tokyo,お芋スイーツ専門のアトリエ風カフェ。テラス席は犬同伴可能・店内は入口付近の一部席のみ。,,,平日9:00〜18:00・土日祝9:00〜19:00,,,,,,,,,https://www.oimotokyo.com/pages/nakameguro,,,https://tabelog.com/tokyo/A1317/A131701/13260371/,true,true,,true,店内は入口付近の一部席のみ(要予約推奨),,2026-07-17,,,
beef0000-0000-4000-8000-000000000063,,ROJU NAKAMEGURO,中目黒,35.64520,139.69710,東京都目黒区中目黒1丁目9-3,,false,tokyo,築33年の倉庫をリノベーションした天井高4.2mのカフェ&レンタルスペース。,,,10:00〜20:00,,,,,,,,,http://www.roju.jp/places/roju-nakameguro/,@roju__official,,,true,true,,,イスの上はNG・犬種は要問い合わせ,店内同伴可否は出典間で相違: wankonowa・odekake・imakoappは店内可、いぬなび(inunavi)はテラス席のみ・店内不可と明記。要一次確認,2026-07-17,,,https://www.instagram.com/reel/DDjSaVpPX8n/
beef0000-0000-4000-8000-000000000064,,BONDI CAFE Nakameguro,中目黒,35.64470,139.69760,東京都目黒区中目黒1丁目9-19,,false,tokyo,目黒川沿いのビーチスタイルカフェ。店内・テラスとも犬同伴可能。,,,8:00〜22:00,無休,,,,,,,,,@bondicafenakameguro,,https://tabelog.com/tokyo/A1317/A131701/13301076/,true,true,,,,入店時は椅子に店側貸出のマットを使用,2026-07-17,,,https://www.instagram.com/p/DEJEEqSTL7n/
beef0000-0000-4000-8000-000000000065,,nakameguro SLOW TABLE,中目黒,35.64560,139.69960,東京都目黒区上目黒2丁目20-5 ハイツ伊勢脇1F,,false,tokyo,緑に囲まれたテラスのあるカフェ&ビストロ。店内・テラスとも犬同伴可能。,,,ランチ11:00〜17:00・ディナー17:00〜23:00,,,,,,,,,https://yoyaku.toreta.in/slowtable,,,,true,true,,,,,2026-07-17,,,
beef0000-0000-4000-8000-000000000066,,Huit(ユイット),中目黒,35.64400,139.69790,東京都目黒区中目黒1-10-23 リバーサイドテラス1F,,false,tokyo,目黒川沿いのビストロ。店内奥の一部席のみ犬同伴可能(川沿いの窓際席は不可)。,03-3760-8898,,12:00〜22:00(金土12:00〜23:00),,,,,,,,,,@huit_nakameguro,,https://tabelog.com/tokyo/A1317/A131701/13018861/,true,,false,,店内奥のソファ席(6名)と通路を挟んだ4人掛け2卓のみ犬同伴可・川沿いの窓際席は不可・桜シーズン(3月中旬〜4月下旬)は混雑のため予約不可(犬同伴可否は要確認),事前電話予約推奨(ペット可能席が少数のため),2026-07-17,,,https://www.instagram.com/p/C5oCZUBPzgF/
beef0000-0000-4000-8000-000000000140,,DOG DEPT+CAFE お台場東京ビーチ店,お台場・豊洲,35.62916,139.77584,東京都港区台場1-6-1 デックス東京ビーチ1F,,false,tokyo,デックス東京ビーチ1階にあるアメリカンカジュアルブランド直営のドッグカフェ。全11テーブル32席(テラス6席含む)ですべての犬種が同伴でき犬用メニューも用意。,03-3599-5211,,平日11:00〜18:00(L.O.17:00)・土日祝11:00〜20:00(L.O.19:00),デックス東京ビーチに準ずる,,,,,,,,https://www.dogdept.com/shoplist/area03_3.html,,,,true,true,true,true,,全犬種同伴可・基本的なマナーを守っての利用が条件(公式サイト),2026-07-17,,,
beef0000-0000-4000-8000-000000000141,,bills お台場,お台場・豊洲,35.62916,139.77584,東京都港区台場1-6-1 デックス東京ビーチ3F,,false,tokyo,デックス東京ビーチ3階のシドニー発オールデイダイニング。パンケーキが有名で200席超の広い店内とテラス席を持つ。,03-3599-2100,,平日9:00〜22:00・土日祝8:00〜22:00(L.O.21:00),,,,,,,,,https://www.billsjapan.com/en/locations/odaiba,,,,true,true,,,,店内利用時はペットゲージまたはペットカートの使用が必須(デックス公式)・テラス席は終日同伴可,2026-07-17,,,
beef0000-0000-4000-8000-000000000142,,Trattoria Pizzeria LOGIC お台場,お台場・豊洲,35.62916,139.77584,東京都港区台場1-6-1 デックス東京ビーチ3F,,false,tokyo,デックス東京ビーチ3階のイタリアンレストラン。レインボーブリッジと東京タワーを望むテラス席が人気。,03-5520-1577,,平日11:00〜15:00/17:00〜22:00・土日祝11:00〜16:00/17:00〜22:00(ランチL.O.平日14:00・土日祝15:00/ディナーL.O.21:00),,,,,,,,,https://logic-odaiba.gorp.jp/,,,,false,true,,,,リード着用の上テラス席のみ犬同伴可(店内不可・デックス公式)。運営元公式サイトには場所を限定しない「ペット同伴OK」の記載もあり座席条件の粒度に差がある,2026-07-17,,,
beef0000-0000-4000-8000-000000000143,,THE OPEN BAKERY,お台場・豊洲,35.63101,139.77915,東京都港区台場1-3-5-103,,false,tokyo,お台場海浜公園駅そばのベーカリーカフェ。広いテラス席で焼きたてパンとコーヒーが楽しめる。,03-6457-1991,,カフェ8:00〜17:00・ベーカリー9:00〜売切次第終了,毎週月曜定休(祝日の場合は翌日休み),,,,,,,,https://www.theopenbakery.jp/,,,,,true,,,,テラス席のみ犬同伴可(公式サイトにはペット記載なし・犬連れ紹介サイト2件で確認),2026-07-17,,,
beef0000-0000-4000-8000-000000000144,,Eggs 'n Things お台場店,お台場・豊洲,35.62784,139.77364,東京都港区台場1-7-1 アクアシティお台場3F,,false,tokyo,アクアシティお台場3階のハワイ発パンケーキレストラン。テラス席からレインボーブリッジを望める。,03-6457-1478,,9:00〜22:00(L.O.21:00),施設休館日に準ずる,,,,,,,,https://www.eggsnthingsjapan.com/odaiba/,,,,false,true,,,,テラス席のみ犬同伴可(店内不可・公式サイト)。館内(3F)への移動はペットカート/キャリーバッグに全身を収納する必要あり(アクアシティ公式),2026-07-17,,,
beef0000-0000-4000-8000-000000000145,,Les deux Bleue ららぽーと豊洲店,お台場・豊洲,35.65627,139.79208,東京都江東区豊洲2-4-9 アーバンドック ららぽーと豊洲1 NORTH PORT 1F,,false,tokyo,ららぽーと豊洲NORTH PORT内のドッグカフェ。館内の飲食店の中で数少ない店内犬同伴可の店で犬用メニューも用意。,03-3536-8326,,11:00〜22:00(L.O.21:00),不定休(ららぽーとに準ずる),,,,,,,,https://www.ccinc-love.com/lesdeuxbleue/,,,,true,,,true,,店内は犬のみペット同伴可(猫等の他ペットは不可)・テラスでの可否は出典に記載なし,2026-07-17,,,
beef0000-0000-4000-8000-000000000146,,ANEA CAFE Toyosu,お台場・豊洲,35.65697,139.79311,東京都江東区豊洲2-1-9 豊洲セイルパーク1F(117区画),,false,tokyo,豊洲セイルパーク1階のガラス張りのカフェ&ダイナー。全席犬同伴OKで犬用メニューも用意されている。,03-5859-0067,,11:30〜22:00(L.O.21:00),水曜定休(祝日は営業・翌木曜振替休),,,,,,,,https://www.toyosu-sail-park.jp/shop/shop-310/,@aneacafe__toyosu,,,true,false,true,true,,店内のみ入店可能(テラス席なし)・1グループ最大6頭まで(大型犬は3頭まで)・リード着用とカフェマット使用が基本(公式・紹介記事),2026-07-17,,,https://www.instagram.com/reel/DLSG-c9zuKL/
beef0000-0000-4000-8000-000000000147,,ピッツェリア ダ ボッカ,お台場・豊洲,35.65697,139.79311,東京都江東区豊洲2-1-9 豊洲セイルパーク1F(102区画),,false,tokyo,豊洲セイルパーク1階の本格ローマピッツァ店。赤いテーブルとパラソルが目印のテラス席を持つ。,03-6204-2010,,ランチ11:00〜15:30(L.O.15:00)・ディナー17:00〜21:30(L.O.21:00),月曜定休(2025年10月より),,,,,,,,https://www.toyosu-sail-park.jp/shop/shop-288/,,,,false,true,,,キャリーバッグ使用時のみ入店可(リードでの入店は不可),,2026-07-17,,,
beef0000-0000-4000-8000-000000000148,,食堂101,お台場・豊洲,35.65697,139.79311,東京都江東区豊洲2-1-9 豊洲セイルパーク1F(101区画),,false,tokyo,豊洲セイルパーク1階の和食レストラン。ブランド牛や地鶏を使った料理が楽しめる開放的なテラス席を持つ。,03-3520-8998,,ランチ11:30〜15:00(L.O.14:30)・ディナー17:00〜23:00(L.O.22:00),,,,,,,,,https://www.toyosu-sail-park.jp/shop/shop-207/,,,,false,true,,,,テラス席のみ犬同伴可(店内不可)・リード/キャリーいずれも対応。テラス席数は少ない(1席程度)との訪問記あり,2026-07-17,,,
beef0000-0000-4000-8000-000000000080,,crisscross,表参道・青山,35.65810,139.71780,東京都港区南青山5-7-28,,false,tokyo,南青山の緑に囲まれたテラスが人気のオールデイカフェ。テラス席で犬同伴可能。,03-6434-1266,,8:00〜22:00(L.O.21:00)※予約は17:30以降のみ可,,,,,,,,,,,,,false,true,true,,,ペット用の水皿はあるがリードフックはなし・方針変更の可能性があるため来店前に要確認(出典記載),2026-07-17,,,
beef0000-0000-4000-8000-000000000081,,tonkatsu.jp表参道,表参道・青山,35.66930,139.71280,〒107-0061 東京都港区北青山3-9-9 FNビル1F,,false,tokyo,厳選ブランド豚を使うとんかつ専門店。テラス1席のみ犬同伴可能(前日予約制)。,03-6427-4910,,平日11:30〜15:30(L.O.15:00)・17:30〜21:00(L.O.20:00)/土日祝11:00〜15:00(L.O.14:30)・17:00〜21:00(L.O.20:00),月・火定休(祝日の場合を除く),,,,,,,,https://tonkatsu.jp/,,,,false,true,false,,大型犬不可,テラス席は1席のみのため犬同伴時は前日までの予約が必要(出典記載),2026-07-17,,,
beef0000-0000-4000-8000-000000000082,,Cafe Madu 青山店,表参道・青山,35.65790,139.71720,東京都港区南青山5-8-1 セーヌアキラビル1F,,false,tokyo,1994年開業のビストロ&カフェ。テラス席で犬同伴可能(店内一部同伴可否は出典により記載が分かれる)。,03-3498-2891,,月〜木・祝11:00〜22:00/金・土11:00〜23:00/日11:00〜20:00,年中無休,,,,,,,,https://www.hakka-group.co.jp/brands/cafemadu-aoyama/,,,,,true,true,,,店内一部同伴可とする出典とテラスのみとする出典があり記載が分かれる・テラス席は小型〜大型犬まで対応可能(出典記載)・来店前に要確認,2026-07-17,,,
beef0000-0000-4000-8000-000000000083,,i2 cafe,表参道・青山,35.66620,139.71060,東京都港区南青山3-9-1 Ablim 1F,,false,tokyo,花とグリーンに囲まれたボタニカルな空間のカフェ。店内で犬同伴可能。,,,8:00〜18:00(L.O.17:00),無休,,,,,,,,,,,,true,,false,,,椅子への同伴時はカフェマット使用必須・床を歩かせるのは不可のためカートやスリングでの来店推奨(出典記載),2026-07-17,,,
beef0000-0000-4000-8000-000000000084,,IL LUPINO PRIME,表参道・青山,35.67160,139.71940,東京都港区北青山3-4-3 ののあおやま2F,,false,tokyo,ウルフギャング・ズウィナー氏監修のイタリアンレストラン。広いテラス席で犬同伴可能・ワンちゃん専用メニューあり。,03-6804-5661,,11:30〜23:30(L.O.22:30),,,,,,,,,https://illupinojapan.jp/,,,,false,true,false,true,,テラス席(約50席)限定・店内不可・ワンちゃん専用メニュー(パン・モンブランケーキ・ノンアルコールドリンク)あり(出典記載),2026-07-17,,,
beef0000-0000-4000-8000-000000000085,,青山川上庵,表参道・青山,35.66580,139.71220,東京都港区南青山3-14-1,,false,tokyo,表参道裏路地にある蕎麦店。1Fテラス6席のみ犬同伴可能。,03-5411-7171,,昼11:00〜16:00/夜16:00〜23:00(L.O.22:00),月1回、店舗ミーティングのため16:30〜18:00休業の場合あり,,,,,,,,https://www.kawakamian.com/shops/aoyama.php,,,,false,true,true,,,1Fテラス6席のみ犬同伴可(公式サイト記載)・犬連れ利用時は事前予約推奨(出典記載),2026-07-17,,,
beef0000-0000-4000-8000-000000000086,,Café Kitsuné Aoyama,表参道・青山,35.66480,139.71470,東京都港区南青山3-15-9,,false,tokyo,メゾンキツネ発のコーヒー&レストラン。入口テラスカウンター席で犬同伴可能。,03-5786-4842,,10:00〜19:00(アルコール提供は19時から),,,,,,,,,,,,,false,true,,,,入口テラスカウンター席のみ犬同伴可(出典記載),2026-07-17,,,
beef0000-0000-4000-8000-000000000087,,ERIC ROSE,表参道・青山,35.67160,139.71940,東京都港区北青山3-4-3 ののあおやま1F,,false,tokyo,スターバックス創業メンバーによるハワイ発カフェの日本1号店。テラス席で犬同伴可能。,03-6384-5666,,8:00〜20:30,,,,,,,,,,,,,false,true,,,,テラス席のみ犬同伴可・ヒーターやパラソル、ペット用飲用水の用意はないため要持参(出典記載),2026-07-17,,,
beef0000-0000-4000-8000-000000000088,,Ralph's Coffee Omotesando,表参道・青山,35.66870,139.70790,東京都渋谷区神宮前4-25-15,,false,tokyo,ラルフローレン直営のカフェ。テラス席で犬同伴可能(大型犬も可)。,03-6438-5803,,月〜木・日9:00〜20:00/金・土9:00〜21:00,不定休,,,,,,,,,,,,false,true,true,,,テラス席のみ犬同伴可・ペットカートでの来店も可(出典記載),2026-07-17,,,
beef0000-0000-4000-8000-000000000089,,GENTLE Dining,表参道・青山,35.67180,139.70760,東京都渋谷区神宮前5-47-6,,false,tokyo,地中海料理と鮨処が一体となったダイニング。ガーデンテラス席で犬同伴可能(単独出典のため要確認)。,,,火〜金 ランチ11:30〜15:00・ディナー17:00〜23:00/土 ランチ11:30〜14:30・カフェ14:30〜17:00・ディナー17:00〜23:00/日祝 ランチ11:30〜14:30・カフェ14:30〜17:00・ディナー17:00〜21:30,月曜定休(祝日の場合は翌火曜日),,,,,,,,,,,,,true,,,,ガーデンテラス席で犬同伴可・カフェマット持参推奨(出典記載)・単独出典のため要重点確認,2026-07-17,,,
beef0000-0000-4000-8000-000000000500,,Pcm's Cafe,赤羽・王子,35.77746,139.72851,東京都北区志茂1-22-13,,false,tokyo,赤羽・志茂エリアで16年以上続く老舗ドッグカフェ。看板犬のチワワたちが出迎え、手作りの犬用フードメニューも提供。,03-3598-1355,,月曜12:00〜18:00・金〜日12:00〜22:00(火水木定休),火曜・水曜・木曜定休,12:00-18:00,定休,定休,定休,12:00-22:00,12:00-22:00,12:00-22:00,,,,https://tabelog.com/tokyo/A1323/A132305/13126936/,true,,,true,,いぬちず(doghuggy)では店内対応犬種を小型犬と紹介(他出典は制限記載なし)。手作りドッグメニューあり。,2026-07-18,,,
beef0000-0000-4000-8000-000000000501,,和むすびや＆わんこのまるっと,赤羽・王子,35.74991,139.73551,〒114-0023 東京都北区滝野川2-8-5,,false,tokyo,王子・飛鳥山エリアのトリミングサロン併設の和風ドッグカフェ。ミニドッグランや撮影スペースも備える。,03-6903-6105,,9:00〜18:00,火曜定休,9:00-18:00,定休,9:00-18:00,9:00-18:00,9:00-18:00,9:00-18:00,9:00-18:00,https://marutto.tokyo/,,,,true,true,,true,,入店料220円/頭(店内・テラス共通)・フォトスポット利用500円/頭・ミニドッグラン併設(有料)。,2026-07-18,,,
beef0000-0000-4000-8000-000000000502,,TOMBOY 十条本店,赤羽・王子,35.75982,139.72251,東京都北区上十条1-11-10,,false,tokyo,十条駅南口すぐのイタリアン・フレンチダイニング。公式サイトでペット同伴可と案内。,03-3907-6939,,11:00〜23:00(料理L.O.22:30・ドリンクL.O.22:30),年末年始(1/1・1/2)のみ休業,11:00-23:00,11:00-23:00,11:00-23:00,11:00-23:00,11:00-23:00,11:00-23:00,11:00-23:00,https://tomboy-jyujyo.owst.jp/,,,,,,,,,公式サイト・ホットペッパー共に「ペット同伴：可」と明記(店内/テラスの区別記載なし)。,2026-07-18,,,
beef0000-0000-4000-8000-000000000503,,nico 赤羽店,赤羽・王子,35.78085,139.71982,〒115-0045 東京都北区赤羽1-40-2 大同コーポ1F,,false,tokyo,赤羽駅北改札から徒歩5分のイタリアン×ダイニングバル。テラス席はペット同伴可。,,,月〜金・祝前日17:00〜23:45(料理L.O.22:45・ドリンクL.O.23:15)・土日祝15:00〜23:45(同L.O.),年末年始,17:00-23:45,17:00-23:45,17:00-23:45,17:00-23:45,17:00-23:45,15:00-23:45,15:00-23:45,,,,https://tabelog.com/en/tokyo/A1323/A132305/13160478/,false,true,,,,テラス席のみ犬・ペット同伴可(店内不可)。,2026-07-18,,,
beef0000-0000-4000-8000-000000000504,,5感 小皿イタリアン&ワイン 赤羽店,赤羽・王子,35.77688,139.72247,〒115-0044 東京都北区赤羽南1-5-7 1F,,false,tokyo,赤羽駅南改札から徒歩1分の小皿イタリアン&ワインバー。オープンテラス席が目印。,03-3598-5445,,月〜木17:00〜翌4:00・金土17:00〜翌5:00・日17:00〜翌1:00・祝日祝前日17:00〜翌5:00,,,,,,,,,https://gokanakabane1.owst.jp/,,,,,,,,,公式サイト・ホットペッパー共に「ペット同伴：可」とのみ明記(店内/テラスの区別記載なし)。,2026-07-18,,,
beef0000-0000-4000-8000-000000000505,,赤羽 せんべろ 大衆酒場 にくまれ屋 はなれ,赤羽・王子,35.77988,139.72025,東京都北区赤羽1-18-5,,false,tokyo,赤羽駅から徒歩4分、備長炭焼き鳥が名物の大衆酒場。テラス席はペット同伴可と紹介されている。,,,月火12:00〜翌0:30・水木15:00〜翌0:30・金(祝前日)12:00〜翌2:00・土11:00〜翌2:00・日祝11:00〜翌0:30,不定休,,,,,,,,,,,,false,true,,,,専門サイト(pet-restaurant.com)の一覧では「テラス席のみ」と明記。ホットペッパーは「ペット同伴可」とのみ記載し店内/テラスの区別は明記なし(両出典をsourcesに記録)。,2026-07-18,,,
beef0000-0000-4000-8000-000000000506,,酒呑中華コテツ,赤羽・王子,35.78087,139.71956,東京都北区赤羽1-66-7 清誠ビル1F,,false,tokyo,赤羽駅東口から徒歩3分の中華料理居酒屋。ペットはテラス席のみ同伴可と明記されている。,,,月〜金・祝前日17:00〜翌1:00・土15:00〜翌1:00・日祝15:00〜翌0:00,不定休,,,,,,,,https://sakenomichuka-kotetsu.com/,,,,false,true,,,,ペットはテラス席のみ可(店内不可)とホットペッパーに明記。,2026-07-18,,,
beef0000-0000-4000-8000-000000000600,,ドッグラン&カフェバー ノンノバドール,荒川,35.74730,139.76590,東京都荒川区東尾久5-28-1,,false,tokyo,室内にドッグラン併設のカフェ&バー。愛犬と食事をしながら人工芝のフリースペースで遊ばせられる。,03-6807-9933,,平日(木・金)11:00〜15:00(L.O.14:00)、17:30〜22:00(L.O.21:00)/土日祝日11:00〜22:00(L.O.21:00),月・火・水定休,,,,"11:00-15:00,17:30-22:00","11:00-15:00,17:30-22:00",11:00-22:00,11:00-22:00,https://www.innovador.jp/,,,,true,,,,室内ドッグランスペースは限定的(5kg以上の犬が走り回るには手狭との来店記録あり),ドッグラン利用は1年以内の混合ワクチン証明書・狂犬病予防注射証明書の提示が必須(利用規約への署名も必要)。マーキングする犬はマナーパンツ着用必須。,2026-07-18,,,
beef0000-0000-4000-8000-000000000601,,トラットリア トラム ロカーレ,荒川,35.74430,139.77960,東京都荒川区荒川6-7-5 床源ビル1F,,false,tokyo,都電荒川線の線路沿いに佇むイタリア料理店。目の前を都電が走るテラス席で、愛犬と一緒に食事が楽しめる。,03-3809-6021,,18:00〜23:00(L.O.22:15),月曜定休,,,,,,,,,,,https://tabelog.com/tokyo/A1324/A132401/13018606/,false,true,true,,,,2026-07-18,,,
beef0000-0000-4000-8000-000000000602,,ひぐらしベーカリー,荒川,35.73050,139.77050,東京都荒川区西日暮里2-6-7,,false,tokyo,本と暮らしの複合施設「ひぐらしガーデン」内にあるベーカリーカフェ。中庭のテラス席で愛犬と焼きたてパンを楽しめる。,03-6806-5551,,8:00〜17:00,月曜定休,,,,,,,,,,,,,true,,,,テラス席は3テーブル程で屋根はあるが、雨天時の利用は難しいとの来店記録あり,2026-07-18,,,
beef0000-0000-4000-8000-000000000603,,石濱茶寮 楽,荒川,35.74130,139.80200,東京都荒川区南千住3-28-58 石濱神社境内,,false,tokyo,石浜神社の境内にある甘味処。テラス席で愛犬と甘味や軽食を味わえる。,03-6806-8001,,11:30〜21:00,不定休,,,,,,,,,@ishihamasaryou.raku,,,,true,,,,,2026-07-18,,,https://www.instagram.com/p/C4SS8fyvuJB/
beef0000-0000-4000-8000-000000000604,,ジェラテリア エルバ,荒川,35.72900,139.79000,東京都荒川区南千住1-25-8,,false,tokyo,都電荒川線・荒川一中前駅近くにあるジェラート専門店。,,,12:00〜21:00(1・2月は月曜も定休),火曜定休,,,,,,,,,,,https://tabelog.com/tokyo/A1324/A132401/13298279/,,,,,,犬同伴可との来店ブログ記録が複数あるが、店内・テラス等の場所の詳細な記載はなし,2026-07-18,,,
beef0000-0000-4000-8000-000000000180,,Balcony by 6th,麻布・六本木,35.66360,139.74290,東京都港区麻布台1-3-1 麻布台ヒルズ タワープラザ3F,,false,tokyo,麻布台ヒルズタワープラザにあるオールデイダイニング。テラス席限定で犬同伴が可能。,,,8:00〜23:00(モーニング8:00〜10:30・ランチ平日11:00〜14:30/土日祝11:00〜15:00・カフェ11:00〜17:30・ディナー17:30〜23:00),,,,,,,,,https://www.azabudai-hills.com/shop_list/0092.html,,,,false,true,,,,約50席のテラス席のみ犬同伴可(店内不可)。冬季はパラソルヒーター・電気毛布を設置(公式・専門ブログ記載)。,2026-07-18,,,
beef0000-0000-4000-8000-000000000181,,Maison Landemaine 麻布台,麻布・六本木,35.66120,139.74050,東京都港区麻布台3-1-5 麻布台檜ビル1F,,false,tokyo,パリ発のブーランジェリー&パティスリー「メゾン・ランドゥメンヌ」の麻布台店。テラス席限定で犬同伴が可能。,03-5797-7387,,7:00〜19:30(モーニング7:00〜9:30・ランチ11:30〜14:00),なし(祝日等は営業時間短縮の場合あり),,,,,,,,,,,,false,true,,,,お散歩ついでに立ち寄れるオープンテラス席のみ犬同伴可(専門サイト記載)。,2026-07-18,,,
beef0000-0000-4000-8000-000000000182,,ブリコラージュ ブレッド アンド カンパニー,麻布・六本木,35.65950,139.72780,東京都港区六本木6-15-1 けやき坂テラス1F,,false,tokyo,ミシュラン店とベーカリーがコラボした六本木ヒルズけやき坂のパン屋。テラス席限定で犬同伴が可能。,03-6804-3350,,7:00〜19:00程度(季節により変動・公式サイトで要確認),毎週月曜定休(祝日の場合は営業),,,,,,,,https://bricolagebread.com/,,,,false,true,,,,テラス席のみ犬同伴可(店内は不可・専門サイト記載)。テラス席は手狭でペットカート推奨との紹介あり。,2026-07-18,,,
beef0000-0000-4000-8000-000000000183,,Nim's Pizza,麻布・六本木,35.65550,139.73730,東京都港区麻布十番1-3-13 CASA ESENCIA 1F,,false,tokyo,麻布十番駅近くのNYスタイルピザ専門店。店内・テラスとも大型犬まで同伴可能。,03-6441-3356,,月13:00〜23:00・火〜土11:30〜23:00・日11:30〜22:00,,,,,,,,,https://nimspizza.com/,,,,true,true,true,,,店内・テラスとも犬同伴可・1組2頭まで(画像キャプションより・来店前要確認)。サイズ・頭数の詳細は来店前に要問合せ。,2026-07-18,,,
beef0000-0000-4000-8000-000000000184,,GREEN BROTHERS 麻布十番店,麻布・六本木,35.65500,139.73820,東京都港区麻布十番1-5-29 麻布十番レジデンス101,,false,tokyo,NYスタイルのサラダ専門店。同ブランドの中で麻布十番店のみ店内で犬同伴が可能。,03-6459-2529,,月〜金10:30〜21:30(L.O.21:30)・土日祝10:30〜20:30(L.O.20:30),,,,,,,,,,,,,true,,true,,,リード必須・直接座席に乗せない・犬が食べられる食材はチキン/レタス/卵黄のみ(店舗案内として紹介記事に記載)。,2026-07-18,,,
beef0000-0000-4000-8000-000000000185,,PACE ITALIAN LOUNGE,麻布・六本木,35.65180,139.73780,東京都港区南麻布1-5-4 フレッグ南麻布1F・B1F,,false,tokyo,麻布十番駅近くの深夜営業イタリアンラウンジ。店内で犬同伴が可能でドッグメニューもある。,03-6459-4551,,17:00〜翌5:00(専門サイト記載),無休(専門サイト記載),,,,,,,,https://paceitalianlounge.com/,,,,true,,true,true,,ドッグメニュー・おやつ・お水・ブランケット貸出あり(専門サイト記載)。犬用トイレ設備はないため来店前の排泄推奨。,2026-07-18,,,
beef0000-0000-4000-8000-000000000186,,麻布 川上庵,麻布・六本木,35.65360,139.73490,東京都港区麻布十番3-5-7 B1,,false,tokyo,軽井沢発の人気そば店「川上庵」の麻布十番店。テラス席(5席)限定で犬同伴が可能。,03-5439-5757,,昼11:00〜16:00・夜16:00〜23:00(L.O.22:00),,,,,,,,,https://www.kawakamian.com/shops/azabu.php,,,,false,true,,,,全50席中テラス5席のみ犬同伴可(公式サイト記載)。,2026-07-18,,,
beef0000-0000-4000-8000-000000000187,,VERVE COFFEE ROASTERS 六本木店,麻布・六本木,35.65880,139.73450,東京都港区六本木5-16-7,,false,tokyo,カリフォルニア発のコーヒーロースタリー六本木店。テラス席で犬同伴が可能(店内の可否は出典間で相違)。,03-6427-5403,,7:00〜20:00(無休),,,,,,,,,https://vervecoffee.jp/pages/roppongi,,,,,true,,,,店内同伴可否は出典間で相違(公式ニュース記事は「テラス席・店内一部がペット同伴可」と紹介する一方、専門サイトwankonowaは「テラスのみ」と紹介)。大型犬可否もwankonowaのみの言及で裏付けが取れていない。要個別確認。,2026-07-18,,,
beef0000-0000-4000-8000-000000000580,,TOKYO KAKI STAND 東京ドームシティ店,文京・後楽園,35.70560,139.75190,東京都文京区後楽1-3-61 東京ドームシティ,,false,tokyo,東京ドームシティ「Meets Port」エリアにある産直牡蠣バー。店内・テラスともマナーパンツ着用で犬同伴が可能。,050-5484-8915,,11:30〜23:00(フードL.O.22:30・ドリンクL.O.22:30),年中無休,,,,,,,,https://ghkg502.gorp.jp/,,,https://tabelog.com/tokyo/A1310/A131003/13299056/,true,true,true,,,マナーパンツ着用必須。椅子や床に座らせる際はカフェマットまたはカートを使用(公式記載)。,2026-07-18,,,
beef0000-0000-4000-8000-000000000581,,VILLAGE MARCHE(ヴィレッジマルシェ),文京・後楽園,35.71650,139.71950,東京都文京区目白台3-28-6 東京大学目白台インターナショナル・ビレッジ内,,false,tokyo,東京大学目白台インターナショナル・ビレッジ内にあるカフェ&ダイニング。ソファ席とテラス席(3〜10月限定)で大型犬まで同伴が可能。,03-5981-8446,,11:30〜20:00(フードL.O.20:00・ドリンクL.O.20:00),火曜定休(不定期で変更の場合あり)・年末年始・施設点検日,,,,,,,,https://todai-vm.tokyo/,@villagemarche,,https://tabelog.com/tokyo/A1309/A130905/13240119/,true,true,true,true,大型犬まで(店内はソファ席限定・全席ではない),テラス席は3月〜10月限定(オーニングテント付き)。犬用フード・お水の用意やフードボウルの貸出あり。犬が苦手な方向けの専用エリアもあり。ソファ席利用時はカフェマット持参が望ましい(出典記載)。,2026-07-18,,,https://www.instagram.com/p/DCll4btTlyT/
beef0000-0000-4000-8000-000000000582,,Osteria Capanna(オステリアカパンナ),文京・後楽園,35.70750,139.75240,東京都文京区本郷5-9-7,,false,tokyo,本郷・春日エリアのイタリアンレストラン。屋根付きテラス席限定で犬同伴が可能(大型犬も可)。,03-3815-8856,,ランチ11:30〜15:00(L.O.14:30)・ディナー17:30〜22:00(料理L.O.21:00・ドリンクL.O.21:30),日曜・月曜定休,,,,,,,,https://www.mikura-group.com/capanna/,,,https://tabelog.com/tokyo/A1310/A131004/13157417/,false,true,true,,,テラス席(屋根付き・全6席中2卓)限定で犬同伴可・大型犬まで対応可(専門サイト記載)。単独出典のため要重点確認。,2026-07-18,,,
beef0000-0000-4000-8000-000000000583,,カフェ ハルテラス(Cafe HARU terrace),文京・後楽園,35.72130,139.73680,東京都文京区大塚1-5-23 嘉ノ雅茗渓館1F,,false,tokyo,茗荷谷駅そばの複合施設「嘉ノ雅茗渓館」内にあるフレンチ&イタリアン融合カフェ。開放的なテラス席限定で犬同伴が可能。,03-5319-1890,,ランチ11:00〜15:00・カフェ15:00〜21:00・ディナー16:00〜21:00,,,,,,,,,,,,https://tabelog.com/tokyo/A1323/A132302/13189902/,false,true,,,,テラス席(全50席)限定で犬同伴可(店内不可)。,2026-07-18,,,
beef0000-0000-4000-8000-000000000584,,野菜倶楽部 oto no ha Café(オトノハカフェ),文京・後楽園,35.71280,139.71880,東京都文京区関口2-11-31,,false,tokyo,ホテル椿山荘東京に隣接する野菜特化カフェ。自社農園「オトワファーム」直送野菜が自慢で、テラス席限定で犬同伴が可能。,03-3942-1077,,9:30〜17:00(L.O.16:00)/9:30〜19:00(L.O.18:00)※日により異なる,月曜定休,,,,,,,,https://www.oto-no-ha.jp/pages/248/,,,https://tabelog.com/tokyo/A1323/A132302/13156987/,false,true,,,,野間記念館に面したテラス席限定で犬同伴可(店内不可)。,2026-07-18,,,
beef0000-0000-4000-8000-000000000585,,上島珈琲店 護国寺店,文京・後楽園,35.71880,139.72410,東京都文京区音羽1-17-11 花和ビル1F,,false,tokyo,護国寺駅から徒歩1分のネルドリップコーヒー専門店。テラス席限定で犬同伴が可能。,03-5940-6020,,平日7:00〜20:00・土日祝8:00〜20:00,年中無休,,,,,,,,https://shop.ufs.co.jp/ufs/spot/detail?code=4043,,,https://tabelog.com/tokyo/A1323/A132302/13089649/,false,true,,,,テラス席限定で犬同伴可(店内不可)。単独出典(petoria-tokyo.jp)のため要重点確認。,2026-07-18,,,
beef0000-0000-4000-8000-000000000420,,Paston（パストン）,調布・府中,35.64800,139.54550,東京都調布市小島町2-37-22,,false,tokyo,調布駅そばのアンティーク調カフェ。犬用ごはんや自家製グラノーラクッキーも用意し、大型犬まで店内同伴が可能。,,,水〜金11:30〜17:00・土日17:00〜22:00,月・火曜定休,,,,,,,,,,,,true,,true,true,,,2026-07-18,,,
beef0000-0000-4000-8000-000000000421,,カフェダイニングバー セントバーナード,調布・府中,35.66080,139.58360,東京都調布市仙川町1-13-23 LUNA SENGAWA 1F,,false,tokyo,仙川駅近くのスイス料理レストラン。小型〜大型犬まで店内同伴が可能で、犬用メニューや足洗い場も完備。,,,ランチ11:00〜15:00(L.O.14:30)・カフェ11:00〜17:00・ディナー17:00〜22:00(L.O.21:30),水曜定休,,,,,,,,,,,,true,false,true,true,,リード必須・ヒート中の犬は利用不可・足洗い場完備・個室/半個室あり,2026-07-18,,,
beef0000-0000-4000-8000-000000000422,,洋食屋クリスマス亭,調布・府中,35.65650,139.52980,東京都調布市上石原1-32-6,042-485-1014,false,tokyo,西調布駅すぐのレトロな洋館スタイルの洋食レストラン。テラス席のみ犬同伴が可能。,042-485-1014,,11:30〜23:00(L.O.22:30),年中無休,,,,,,,,https://christmas-tei.com/,,,,false,true,true,false,,,2026-07-18,,,
beef0000-0000-4000-8000-000000000423,,LARGO SENGAWA,調布・府中,35.66180,139.58580,東京都調布市仙川町1-25-2 仙川アヴェニュー北プラザ106,,false,tokyo,仙川駅近くのガラス張りカフェ&レストラン。店内はソファ席中心だが、テラス席のみ大型犬まで犬同伴が可能。,,,11:00〜22:00(日のみ〜21:00),,,,,,,,,,,,,false,true,true,false,,駐車場なし,2026-07-18,,,
beef0000-0000-4000-8000-000000000424,,深大寺水神苑,調布・府中,35.66600,139.54950,〒182-0017 東京都調布市深大寺元町5-10-3,042-486-0811,false,tokyo,深大寺参道近くの日本料理店。土日祝17時以降・要予約の条件付きで1階ホール席に大型犬まで同伴でき、犬用の薬膳コースやそばも用意されている。,042-486-0811,犬同伴時は土日祝17時以降のみ・前日17時までに要予約,平日11:30〜15:00(L.O.14:00)・17:00〜21:00(L.O.19:00)/土日祝11:00〜21:00(L.O.19:00),水曜定休,,,,,,,,https://www.musashinokk.co.jp/suijin-en/with-dog/,,,,true,,true,true,,犬同伴可は土日祝17時以降のみ・平日/ランチは不可。1階ホール席限定でペットカート入店可。前日17時までに要予約,2026-07-18,,,
beef0000-0000-4000-8000-000000000425,,Dog Arts and Cafe インディハウス,調布・府中,35.66900,139.47750,〒183-0054 東京都府中市幸町1-19-1,042-336-5028,false,tokyo,府中駅近くのドッグカフェ。全席で犬同伴が可能で、大型犬もゆったり過ごせる設計。,042-336-5028,土日祝は予約不可・平日のみ電話予約可,10:00〜19:00(L.O.18:00),火・水曜定休(祝日は営業),,,,,,,,https://www.indy-house.com/,,,,true,true,true,true,,リード必須・ヒート中の犬は利用不可,2026-07-18,,,
beef0000-0000-4000-8000-000000000426,,マイクロカフェ 調布深大寺店,調布・府中,35.66500,139.55250,東京都調布市深大寺東町2-10-5,,false,tokyo,深大寺エリアの新潟コシヒカリのおむすびカフェ。5卓あるテラス席でペット同伴が可能。,,,月11:00〜17:00・火〜日11:00〜20:00,,,,,,,,,,,,https://tabelog.com/tokyo/A1326/A132601/13130537/,false,true,,,,,2026-07-18,,,
beef0000-0000-4000-8000-000000000427,,プティ パルク,調布・府中,35.66150,139.58450,東京都調布市仙川町1-7-1,03-4362-5584,false,tokyo,仙川駅近くのサンドイッチ&コーヒーの店。店内・テラス席とも犬同伴が可能。,03-4362-5584,,平日11:00〜20:00(L.O.19:00)・土日祝10:00〜20:00,月曜定休(祝日の場合は火曜定休),,,,,,,,,,,https://tabelog.com/tokyo/A1326/A132601/13253460/,true,true,,,,,2026-07-18,,,
beef0000-0000-4000-8000-000000000240,,AUX BACCHANALES 銀座,銀座・日本橋,35.67080,139.76270,東京都中央区銀座6-3-2 ギャラリーセンタービル1F,,false,tokyo,銀座6丁目のフレンチカジュアルレストラン。テラス席のみ犬同伴可・大型犬も歓迎。,,,,,,,,,,,,https://www.auxbacchanales.com/,,,,false,true,true,,,,2026-07-18,,,
beef0000-0000-4000-8000-000000000241,,ミタスカフェ（Mitasu Cafe）,銀座・日本橋,35.67460,139.76650,東京都中央区銀座2-10-8 マニエラビル1F,,false,tokyo,銀座2丁目の隠れ家的カフェ・ダイニングバー。通りに面したテラス席のみ犬同伴可能。,,,,,,,,,,,,,,,,false,true,,,,,2026-07-18,,,
beef0000-0000-4000-8000-000000000242,,FAUCHON LE CAFE,銀座・日本橋,35.68350,139.77450,東京都中央区日本橋2-4-1 日本橋高島屋S.C. 本館ガレリア1F,,false,tokyo,日本橋高島屋S.C.本館ガレリア1階のフランス食品店直営カフェ。テラス席のみ犬同伴可能。,,,,,,,,,,,,,,,,false,true,,,,,2026-07-18,,,
beef0000-0000-4000-8000-000000000243,,IL BACARO ALMA（イル バーカロ アルマ）,銀座・日本橋,35.68620,139.77360,東京都中央区日本橋室町1-5-5 コレド室町3 1F,,false,tokyo,コレド室町3内のヴェネツィア風イタリアンバール。桜並木沿いのテラス席で犬同伴可能。,03-6262-3178,,月〜金 ランチ11:00〜14:00・カフェ14:00〜17:00・ディナー17:00〜23:00(L.O.22:30) / 土日祝 ランチ・カフェ11:00〜17:00・ディナー17:00〜23:00(L.O.22:30),,,,,,,,,https://mitsui-shopping-park.com/urban/muromachi/store/600328.html,,,,false,true,,,,,2026-07-18,,,
beef0000-0000-4000-8000-000000000244,,Farmacy-Deli&BAR 日本橋1ppon,銀座・日本橋,35.69000,139.77250,東京都中央区日本橋室町4-1-1,,false,tokyo,日本橋室町のイタリアン系レストランバー。1階テラス席のみ犬同伴可能・店内は不可。,,,月〜金 11:30〜15:00、18:00〜23:00（土日祝休業）,,,,,,,,,https://1ppon.owst.jp/,,,,false,true,,,,,2026-07-18,,,
beef0000-0000-4000-8000-000000000245,,アナム本格インド料理 銀座店,銀座・日本橋,35.66780,139.76200,東京都中央区銀座8-10-8 銀座8丁目10番ビルB1F,,false,tokyo,銀座8丁目の本格インド料理店。個室でペット同伴可能（予約時に犬同伴の旨を伝える必要あり）。,03-6280-6708,,11:00〜翌3:00（ランチ11:00〜16:59・ディナー17:00〜）,,,,,,,,,https://annam-indian-restaurannt.owst.jp/,,,,true,,,,,個室での案内が基本（予約時に犬同伴の旨を伝える必要あり）,2026-07-18,,,
beef0000-0000-4000-8000-000000000246,,土鍋炊きご飯 おこめとおかず,銀座・日本橋,35.67430,139.76550,東京都中央区銀座2-6-15 吉田第一ビルB1F,,false,tokyo,銀座一丁目の土鍋炊きご飯が名物の和食店。小型犬に限り店内同伴可能。,03-3564-3031,,月〜土・祝前日 11:30〜23:00 / 日・祝 11:30〜22:00,,,,,,,,,https://okometookazu.owst.jp/,,,,true,,false,,小型犬のみ,,2026-07-18,,,
beef0000-0000-4000-8000-000000000247,,スワン銀座（SWAN GINZA）,銀座・日本橋,35.67280,139.76680,東京都中央区銀座2-12-16 ヤマト本社ビル1F,,false,tokyo,銀座2丁目の飲食店。テラス席のみ犬同伴可能。,,,,,,,,,,,,,,,,false,true,,,,,2026-07-18,,,
beef0000-0000-4000-8000-000000000248,,フランス料理 銀座みかわや,銀座・日本橋,35.67140,139.76580,東京都中央区銀座4-7-12 銀座三越新館1F,,false,tokyo,銀座三越新館1階のフレンチレストラン。テラス席（2卓程度）のみ犬同伴可能・大型犬も歓迎。,,,,,,,,,,,,,,,,false,true,true,,,テラス席は2卓程度,2026-07-18,,,
beef0000-0000-4000-8000-000000000620,,ROSSO CAFE,八王子,35.65950,139.33820,東京都八王子市大横町2-9,,false,tokyo,八王子駅近くにオープンしたドッグカフェ。看板犬ロッソ・チュルが出迎え、店内の座席でわんちゃんと一緒に過ごせる。,042-686-1237,,11:00〜18:00,,,,,,,,,,rossocafe_dog,,,true,,true,,,個室は扉設置後にノーリードで過ごせる予定・各所にリードフック完備,2026-07-18,,,https://www.instagram.com/p/DIfyZKpRrS1/
beef0000-0000-4000-8000-000000000621,,MERRY and BRIGHT,八王子,35.63980,139.32380,東京都八王子市台町1-20-15,,false,tokyo,冨士森公園向かいのカフェ。店内でわんちゃんと過ごせ、室内ミニドッグランや犬用パンなど設備・メニューが充実。,,,11:00〜18:00(当面の間),水曜定休,,,,,,,,,merryandbright2016,,,true,,true,,,室内にミニドッグラン完備・カフェマット/リードフック無料・犬用パン(300円)あり,2026-07-18,,,https://www.instagram.com/p/DbqKa4qgeRr/
beef0000-0000-4000-8000-000000000622,,Park Side Cafe BASEL,八王子,35.63850,139.32250,東京都八王子市台町3-13-4,,false,tokyo,冨士森公園近くのカフェ。屋根付きのテラス席でわんちゃんと一緒に過ごせる。,,,,,,,,,,,,,basel_depuis1967,,,,true,,,,屋根付き・空調完備のテラス席が犬同伴可能エリア,2026-07-18,,,https://www.instagram.com/p/CtRGRmppbjx/
beef0000-0000-4000-8000-000000000623,,atelier BASEL,八王子,35.62100,139.37450,東京都八王子市上柚木2-7-5,,false,tokyo,上柚木エリアのBASELグループ店舗。テラス席限定でわんちゃん同伴可能。,,,,,,,,,,,,,basel_depuis1967,,,false,true,,,,,2026-07-18,,,https://www.instagram.com/p/CtRGRmppbjx/
beef0000-0000-4000-8000-000000000624,,MozekSol(モゼクソール),八王子,35.66500,139.32100,東京都八王子市中野山王2-14-5(三和ドラッグビル1階),,false,tokyo,中野山王のカフェ。全席・全犬種で同伴可能なドッグフレンドリーな店。Honda公式おでかけ情報でも紹介されている。,042-622-2003,,火〜金11:00〜19:00・土12:00〜21:00・日祝12:00〜19:00,月曜・第1第3火曜定休,,,,,,,,,mozeksol,,,true,,true,,,全客席(6テーブル14席)すべてで犬同伴可・入店可能犬種は全犬種OK・お水のサービスあり・周囲への配慮を求める注意書きあり,2026-07-18,,,https://www.instagram.com/p/DbQZCMRTTIs/
beef0000-0000-4000-8000-000000000625,,Cafe' Roju,八王子,35.64300,139.32750,東京都八王子市大和田町1-20-1,,false,tokyo,大和田町のカフェ。体重10kg前後までの小型犬に限り同伴可能。,,,,,,,,,,,,,,,,true,,,,体重10kg前後までの犬,,2026-07-18,,,
beef0000-0000-4000-8000-000000000626,,AINA CAFE(アイナカフェ),八王子,35.65800,139.33950,東京都八王子市横山町3-8(フィルパーク3F),,false,tokyo,八王子駅北口すぐのハワイアンカフェ。屋上のテラス席でわんちゃんと一緒に過ごせる。,042-649-2089,,平日11:00〜15:30(L.O.15:00)・土日祝9:00〜17:00(L.O.16:30、9:00〜11:00はモーニング),水曜定休,,,,,,,,https://ainacafe.com/,aina_cafe,,,,true,,,,屋上テラス席が犬同伴可能エリア,2026-07-18,,,https://www.instagram.com/reel/Ckb5qPxBDQp/
beef0000-0000-4000-8000-000000000627,,カキノキテラス,八王子,35.65120,139.33480,東京都八王子市田町5-1,,false,tokyo,古民家を改装した欧風カレー店。テラス席でわんちゃんと同伴できる。,050-5589-5050,,月〜木11:30〜16:00(L.O.15:00)・金〜日11:30〜16:00(L.O.15:00)/17:00〜21:00(L.O.20:00),,,,,,,,,,kakinokiterasu,,,,true,,,,,2026-07-18,,,https://www.instagram.com/p/DB0BXxuzVAN/
beef0000-0000-4000-8000-000000000628,,高倉町珈琲 八王子店,八王子,35.66650,139.30950,東京都八王子市高倉町6-3,,false,tokyo,全国チェーンの喫茶店。八王子店は公式サイトでテラス席でのペット同伴利用を案内している。,042-649-2358,,7:00〜23:00(L.O.22:30),,,,,,,,,https://takakuramachi-coffee.co.jp/shop/,,,,,true,,,,公式サイトに「テラス席でペットと一緒にお食事ができます」と明記,2026-07-18,,,
beef0000-0000-4000-8000-000000000629,,デルコス八王子本店,八王子,35.66480,139.31280,東京都八王子市高倉町1-10,,false,tokyo,インドカレー/インド料理レストラン。テラス席でわんちゃんと一緒に食事ができる。,042-648-5227,,ランチ11:00〜17:00(L.O.16:30)・ディナー17:00〜22:30(L.O.22:00),年中無休,,,,,,,,,,,,,true,,,,,2026-07-18,,,
beef0000-0000-4000-8000-000000000340,,GRIP(グリップ),池袋,35.72680,139.71760,東京都豊島区南池袋2-11-1,,false,tokyo,南池袋にあるカフェ。テラス席で犬同伴が可能。,,,,,,,,,,,,https://dining-grip.com/,,,,,true,true,,,,2026-07-18,,,
beef0000-0000-4000-8000-000000000341,,サクラカフェ&レストラン池袋,池袋,35.73030,139.71790,東京都豊島区池袋2-39-10 サクラホテル池袋別館1F,,false,tokyo,世界各国の料理とビールが楽しめる国際色豊かなカフェ&レストラン。テラス席で犬同伴が可能。,050-5304-0300,,7:00〜22:00(料理L.O.21:00・ドリンクL.O.21:30),無休,,,,,,,,https://sakuracafe-ikebukuro.foodre.jp/,,,,,true,true,,,冬季はテラス席にビニールカーテンを設置。足元が冷えるため犬を床におろす際は注意との案内あり,2026-07-18,,,
beef0000-0000-4000-8000-000000000342,,いづも 池袋店,池袋,35.72960,139.70140,東京都豊島区西池袋1-13-7,,false,tokyo,うなぎの蒲の穂焼きや牛タン・焼き鳥が名物の居酒屋。店内の一部で小型犬中心に同伴可能。,050-5488-2493,,11:30〜23:00(料理L.O.22:00・ドリンクL.O.22:30),無休,,,,,,,,,,,,true,,false,,出典により相違(小型犬のみとする情報と中型犬まで店内可とする情報あり)。大型犬は不可,トイレのしつけ・無駄吠えしないことが条件。発情中は不可(キャリーバッグ使用可・膝上での利用を推奨),2026-07-18,,,
beef0000-0000-4000-8000-000000000343,,Cafe PREGO(カフェプレゴ),池袋,35.73190,139.69870,東京都豊島区要町1-10-1 要町ツインビル1F,,false,tokyo,トリミングサロンを併設したドッグカフェ。店内・テラスで犬と食事ができドッグメニューもある。,03-5926-6683,,不定(要問い合わせ),,,,,,,,,https://prego.cafe/,,,,true,true,,true,出典により相違(体重12kgまでとする情報と大型犬可とする情報あり),予防接種(狂犬病・混合5種以上)証明が必要。噛み癖や攻撃的な犬は利用不可,2026-07-18,,,
beef0000-0000-4000-8000-000000000344,,タマネギヘッドバッド,池袋,35.73230,139.69740,東京都豊島区西池袋5-26-14 サダシン要町ビル,,false,tokyo,国産玉ねぎのスープが看板のラーメン店。テラス席で犬同伴が可能。,,,,,,,,,,,,,,,,,true,true,,,,2026-07-18,,,
beef0000-0000-4000-8000-000000000345,,肉と牡蠣CARTA 池袋店,池袋,35.73080,139.71580,東京都豊島区池袋2-73-4 1階,,false,tokyo,肉料理と牡蠣が楽しめるオイスターバー。ペット入店可能店舗として案内されている。,03-5927-9957,,月〜金 ランチ11:30〜15:00・ディナー17:00〜23:00(L.O.22:30)／土日祝12:00〜23:00(L.O.22:30),,,,,,,,,,@carta_ikebukuro,,,true,true,true,true,,わんこ用にささみを注文可能,2026-07-18,,,https://www.instagram.com/p/DClcO8Ry7x1/
beef0000-0000-4000-8000-000000000346,,かざみどり南池袋,池袋,35.72610,139.71880,東京都豊島区南池袋2-41-20,,false,tokyo,40年以上続く老舗洋食店。店内・テラスとも犬同伴OKと公式サイトに明記されている。,050-5488-0363,,10:00〜22:30(L.O.22:00)・ランチ10:30〜15:00(L.O.14:30),月曜定休,,,,,,,,https://ggkw000.gorp.jp/,,,,true,true,true,,,リードフック・お水のサービスあり,2026-07-18,,,
beef0000-0000-4000-8000-000000000347,,Chanoma(チャノマ),池袋,35.73040,139.69760,東京都豊島区西池袋5-12-3 ニシイケバレイ,,false,tokyo,西池袋のニシイケバレイ内にあるカフェ。テラス席で犬同伴が可能。,,,,,,,,,,,,,,,,,true,true,,,,2026-07-18,,,
beef0000-0000-4000-8000-000000000348,,Jugar cafe(フガールカフェ),池袋,35.72600,139.71900,東京都豊島区南池袋2-43-17,,false,tokyo,ダーツやスポーツ観戦が楽しめるダイニングバー。店内で犬同伴が可能。,,,月〜金11:30〜15:00・19:00〜翌5:00(15:00〜19:00は休憩)／土19:00〜翌5:00／日19:00〜翌3:00,無休,,,,,,,,,,,https://tabelog.com/tokyo/A1305/A130501/13096971/,true,,,,大型犬可否について出典により記載が分かれる(要確認とする情報とOKとする情報),,2026-07-18,,,
beef0000-0000-4000-8000-000000000349,,ジェラート ピケ カフェ クレープリー ルミネ池袋,池袋,35.72840,139.70970,東京都豊島区西池袋1-11-1 ルミネ池袋店1F,,false,tokyo,ルミネ池袋内にあるクレープ専門カフェ。テラス席で犬同伴が可能。,,,11:00〜21:00(ルミネ池袋の営業時間に準ずる),ルミネ池袋に準ずる,,,,,,,,,,,https://tabelog.com/tokyo/A1305/A130501/13174165/,,true,,,大型犬可否について出典により記載が分かれる(要確認とする情報とOKとする情報),,2026-07-18,,,
beef0000-0000-4000-8000-000000000520,,cafe arica,板橋・練馬,35.76950,139.68250,東京都板橋区南常盤台2-3-12,,false,tokyo,ときわ台駅近くにあるスリランカカレー&イタリアンの隠れ家的カフェ。店内で犬同伴が可能。,03-5948-3885,,13:00〜21:00(月・火・木・金・土),水曜・日曜定休,,,,,,,,,,,https://tabelog.com/tokyo/A1322/A132203/13209285/,true,,true,,,,2026-07-18,,,
beef0000-0000-4000-8000-000000000521,,木曜館,板橋・練馬,35.76900,139.68200,東京都板橋区南常盤台1-3-7,,false,tokyo,南常盤台の路地にあるイタリアン食堂。看板犬・看板猫が出迎え、館長のインタビューで犬連れ来店OKと明言されている。,03-3956-1082,,,,,,,,,,,,,,,true,,true,,,,2026-07-18,,,
beef0000-0000-4000-8000-000000000522,,ランゾウ,板橋・練馬,35.77150,139.68450,東京都板橋区東山町52-12,,false,tokyo,ときわ台近くの落ち着いた喫茶店。看板犬(チワワ)がおり、犬と一緒に入店できる。,090-6920-2528,,11:00〜20:00(木〜日),月・火・水定休,,,,,,,,,,,https://tabelog.com/tokyo/A1322/A132203/13150986/,true,,true,,,,2026-07-18,,,
beef0000-0000-4000-8000-000000000523,,Cafe de Cuore(カフェ・ド・クオーレ),板橋・練馬,35.76600,139.66550,東京都板橋区前野町3-25-2,,false,tokyo,前野町にある薬膳&ヴィーガンカフェ。店内に犬同伴可能で、犬種・サイズの制限がないと出典に記載がある。,03-3960-4355,,ランチ11:00〜14:00(L.O.13:30)・ディナー14:00〜19:00(L.O.18:30),,,,,,,,,https://cafedecuore.com/,,,,true,,true,true,,リード必須(店内で手を離さないよう案内)。複数頭でのお茶会などは事前予約が必要。,2026-07-18,,,
beef0000-0000-4000-8000-000000000524,,ドッグカフェ&BAR Petit Leon,板橋・練馬,35.75200,139.70750,東京都板橋区大山西町59-3 シャトレーフローラル1F,,false,tokyo,大山にある昼はカフェ・夜は居酒屋風バーのドッグカフェ。全犬種・ノーリードOKで、犬用の手作りメニューも提供している。,03-5926-6330,,月〜金17:00〜23:00・土日祝12:00〜23:00(L.O.21:30),基本水曜定休,,,,,,,,https://petitleoncafe.wixsite.com/petitleon,@petitleon,,,true,,true,true,サイズ制限なし(全犬種OK),基本ノーリードOK(公式サイトより)。マーキングが心配な場合はマナーベルト着用を推奨。,2026-07-18,,,https://www.instagram.com/p/Cp4kCCCPevV/
beef0000-0000-4000-8000-000000000525,,デ・ラ・ナチュール(DE LA NATURE),板橋・練馬,35.77200,139.68000,東京都板橋区常盤台1-1-1,,false,tokyo,ときわ台駅前にあるカフェレストラン。店内・テラスとも犬同伴可能で、犬用の手作りメニューも用意されている。,03-5392-2711,,11:00〜21:00(火〜日),月曜定休,,,,,,,,,,,https://tabelog.com/en/tokyo/A1322/A132203/13031574/,true,true,true,true,,犬用に敷物の貸し出しあり。,2026-07-18,,,
beef0000-0000-4000-8000-000000000526,,カフェ フェリーチェ(cafe Felice),板橋・練馬,35.74600,139.63250,東京都練馬区中村南1-27-20 GARDEN SQUARE内,,false,tokyo,都立家政駅近くのガーデンスクウェア内、緑に囲まれた本格イタリアンカフェ。テラス席のみ犬同伴可能(ドッグカフェではない旨、公式に明記)。,03-3825-2992,,,,,,,,,,,https://g-s.jp/?page_id=19,,,,false,true,,,,「当店はドッグカフェではありません」と公式に明記(テラス席限定)。,2026-07-18,,,
beef0000-0000-4000-8000-000000000527,,ミヤマ珈琲 練馬春日町店,板橋・練馬,35.75450,139.65100,東京都練馬区春日町6-5-29,,false,tokyo,練馬春日町駅近くの明るいカフェ。テラス席は中型犬までペット同伴可能(公式サイトに明記)。,,,,,,,,,,,,https://miyama-coffee.com/outdoorseat/,,,,false,true,,,中型犬まで(テラス席のみ・雨天時は利用不可),,2026-07-18,,,
beef0000-0000-4000-8000-000000000528,,シアン ア ラ モード(Chien a la mode),板橋・練馬,35.75550,139.64150,東京都練馬区氷川台2-11-35,,false,tokyo,氷川台・城北中央公園近くのカフェ。店内で犬同伴可能・リード必須。ワッフルや軽食、犬用メニューも提供。,03-3937-4054,,10:00〜19:00(L.O.閉店30分前・月火木〜日),水曜定休(不定休あり),,,,,,,,https://chien2008.exblog.jp/,,,https://tabelog.com/tokyo/A1322/A132203/13138843/,true,,,,,リード必須。粗相の心配がある犬はマナーベルト・マナーパンツ着用を案内。,2026-07-18,,,
beef0000-0000-4000-8000-000000000360,,さくらガーデン ドッグカフェ&ダイニングバー,蒲田・田園調布,35.56097,139.71064,東京都大田区西蒲田8-7-1,,false,tokyo,蒲田駅近くのドッグカフェ&ダイニングバー。店内でも愛犬と並んで食事を楽しめる。,03-6715-8861,,月〜水11:00〜19:00・金土12:00〜23:00・日祝11:00〜16:00,木曜定休(水曜不定休あり),,,,,,,,,@sakuragarden0421,,https://tabelog.com/tokyo/A1315/A131503/13306252/,true,,,,,,2026-07-18,,,https://www.instagram.com/p/DbdCjXlvLTW/
beef0000-0000-4000-8000-000000000361,,蒲田カフェ,蒲田・田園調布,35.56616,139.71604,東京都大田区西蒲田5-14-5,,false,tokyo,2021年オープンのカフェ&バー。全席でペット同伴可能で気軽に立ち寄れる。,050-5872-0454,,平日8:00〜23:00(CAFE8:00〜18:00/BAR18:00〜23:00)・土日祝10:00〜23:00,木曜定休,,,,,,,,https://kamata-cafe.com/,,,https://tabelog.com/tokyo/A1315/A131503/13265027/,true,,,,,椅子・ソファーにワンちゃんを乗せる際はシート等の利用をお願いされる,2026-07-18,,,
beef0000-0000-4000-8000-000000000362,,サッカバッカ(SaccaBacca),蒲田・田園調布,35.55978,139.71210,東京都大田区西蒲田8-19-3 西蒲田パーソナルハウス1F,,false,tokyo,バナナジュースとパンケーキが人気のドッグカフェ。犬用メニューも用意。,050-3461-2713,,ランチ11:00〜17:00・カフェ13:00〜17:00・ディナー17:00〜21:00(L.O.20:30),月曜定休,,,,,,,,https://acl.tokyo/,@saccabacca,,https://tabelog.com/tokyo/A1315/A131503/13240819/,true,true,,true,出典により幅あり(小型犬までとする情報と、小・中型犬は店内可・大型犬はテラスのみとする情報の両方あり),,2026-07-18,,,https://www.instagram.com/p/C-gzN0sT4xQ/
beef0000-0000-4000-8000-000000000363,,Deco's Dog Cafe 田園茶房,蒲田・田園調布,35.59842,139.66728,〒145-0071 東京都大田区田園調布2-62-1 東急スクエアガーデンサイト北館1F,,false,tokyo,東急スクエアガーデンサイト内の犬同伴専門カフェ。全犬種・全50席で犬と一緒に過ごせる。,03-3722-5033,,平日10:30〜19:30(L.O.19:00)・休日10:00〜20:00(L.O.食事19:00・ドリンク19:30),不定休,,,,,,,,https://hot-dog.co.jp/cafe/,@decosabou,,,true,true,true,,,店内は必ずリード着用・来店前にトイレを済ませる・無駄吠えに注意(水皿・イス用マット・床用マット貸出あり),2026-07-18,,,https://www.instagram.com/p/DFEYLnBzQF4/
beef0000-0000-4000-8000-000000000364,,田園調布倶楽部,蒲田・田園調布,35.59079,139.66821,東京都大田区田園調布1-52-17,,false,tokyo,田園調布駅近くの洋食・鉄板焼きレストラン。テラス席限定で犬同伴が可能。,03-5483-3300,,1Fカフェ ランチ11:00〜15:00/ディナー17:00〜22:00・2Fレストラン ランチ11:30〜15:00/ディナー17:00〜22:00・鉄板焼き田焼 ランチ11:00〜15:00/ディナー17:00〜22:00,月・火曜定休(祝日は営業),,,,,,,,https://www.denenchofuclub.net/,,,,false,true,,,,無料駐車場あり(3台)・事前電話確認推奨,2026-07-18,,,
beef0000-0000-4000-8000-000000000365,,FRIEND MONSTER(フレンドモンスター),蒲田・田園調布,35.57358,139.70620,東京都大田区池上4-16-8,,false,tokyo,池上駅近くのドッグカフェ&バー。室内ドッグラン併設で犬用メニューも人気。旧「ドッグカフェ フレンド」を改装。,,,水木18:00〜24:00(L.O.23:00)・金11:00〜15:00(L.O.14:00)/18:00〜24:00(L.O.23:00)・土日祝11:00〜16:00(L.O.15:00)/18:00〜24:00(L.O.23:00),月・火曜定休(不定休あり),,,,,,,,,@friend_monster_2023,,https://tabelog.com/tokyo/A1317/A131714/13284890/,true,,,true,,マナーベルト着用またはカート・かばん内での利用で入店可・室内ドッグラン併設,2026-07-18,,,https://www.instagram.com/p/C6z-n7Tvht8/
beef0000-0000-4000-8000-000000000366,,わんこのしっぽ,蒲田・田園調布,35.59434,139.71111,東京都大田区中馬込2-23-7 2F,,false,tokyo,馬込駅近くの室内ドッグラン併設カフェ。愛犬と一緒に食事や休憩ができる。,03-5728-9328,,10:00〜18:00,火曜定休,,,,,,,,https://wankonoshippp.com/,@wankonoshippp,,,true,,,,,室内ドッグラン(91㎡)併設・利用は事前確認推奨,2026-07-18,,,https://www.instagram.com/p/C8jpAjcPQI2/
beef0000-0000-4000-8000-000000000367,,TAMAGAWA DINER(多摩川ダイナー),蒲田・田園調布,35.58735,139.66858,〒145-0071 東京都大田区田園調布1-55-20 浅間ビル5号,,false,tokyo,多摩川沿いのロケーションが魅力のダイナー。テラス席でペット同伴が可能。,03-5483-0770,,火〜日11:30〜23:00(L.O.22:00)・祝11:30〜21:00(L.O.20:00),月曜定休(不定休あり),,,,,,,,https://tamagawa-diner.com/,@tamagawadiner,,https://tabelog.com/tokyo/A1317/A131704/13156072/,false,true,,,,,2026-07-18,,,https://www.instagram.com/p/CyCnKwxPPJk/
beef0000-0000-4000-8000-000000000368,,DELIGHT(ディライト),蒲田・田園調布,35.58746,139.66897,東京都大田区田園調布1-55-14,,false,tokyo,多摩川浅間神社近くのカフェ&バー。フィッシュ&チップスが名物でテラス席は犬同伴可能。,03-6459-7733,,月水〜土11:00〜16:00(ランチ)/16:00〜23:00(ディナーL.O.22:00)・日祝11:00〜16:00(ランチ)/16:00〜21:00(ディナーL.O.20:00),火曜定休(祝日は営業),,,,,,,,https://tamagawa-delight.com/,@tamagawadelight,,https://tabelog.com/tokyo/A1317/A131704/13103131/,false,true,,,,,2026-07-18,,,https://www.instagram.com/reel/DAK_ST0z_l8/
beef0000-0000-4000-8000-000000000560,,Besties Tokyo,葛飾・江戸川,35.71300,139.85800,東京都葛飾区新小岩2-15-10,,false,tokyo,新小岩の酵素玄米カフェ&ドッグラン併設施設(旧「Royi's club tokyo」がリニューアル)。テラス席は犬同伴が可能。,03-6683-8923,,平日11:00〜15:00・17:00〜20:00(L.O.19:00)/金17:00〜21:00(L.O.20:00)/土日祝11:00〜21:00(L.O.20:00),木曜定休(祝日は営業),,,,,,,,https://bestiestokyo.jp/,,,,,true,,,,屋外ドッグラン併設(カフェ営業時間外も6:00〜21:00で利用可・要ワクチン証明)。店内同伴可否は公式サイトに明記なし,2026-07-18,,,
beef0000-0000-4000-8000-000000000561,,Cafe Restaurant+Dog Grandir(グランディール),葛飾・江戸川,35.74500,139.82900,東京都葛飾区堀切4-21-4,,false,tokyo,堀切菖蒲園駅近くのフレンチ系カフェレストラン。全犬種が店内の全席で同伴可能。,03-5875-6165,,火〜金11:30〜14:00・17:30〜20:00/土日祝8:30〜10:00・11:30〜14:00・17:30〜20:00,月曜定休,,,,,,,,,,,,true,,true,,,椅子に乗せる場合はシート持参が必要(公式パートナー情報より),2026-07-18,,,
beef0000-0000-4000-8000-000000000562,,Dog Café Bee,葛飾・江戸川,35.74400,139.88200,〒125-0053 東京都葛飾区鎌倉4-33-10(チヨダモール通り内),,false,tokyo,京成小岩近くのドッグカフェ。看板犬のバーニーズマウンテンドッグ「ジェリー」が出迎え、犬を連れていても連れていなくても利用できる。,03-3673-1881,,11:00〜20:00(L.O.19:30),木・金曜定休,,,,,,,,https://foodplace.jp/dogcafebee/,,,,true,,,,,,2026-07-18,,,
beef0000-0000-4000-8000-000000000563,,ワン茶房,葛飾・江戸川,35.76169,139.84559,東京都葛飾区亀有4-17-12,,false,tokyo,亀有のアットホームなドッグカフェ。全犬種が店内全席で同伴可能で、フードやおやつの販売も行う。,03-6807-6771,,11:00〜19:00(L.O.18:00),木・金曜定休,,,,,,,,https://www.ensen-ado.com/wanchabou/,,,,true,,true,,,リード必須・男の子はマナーベルト着用必須・椅子に直接乗せない,2026-07-18,,,
beef0000-0000-4000-8000-000000000564,,BARCA(バルカ),葛飾・江戸川,35.65485,139.86683,東京都江戸川区中葛西7-17-19,,false,tokyo,葛西の川沿いにあるドッグカフェ。店内・テラスとも犬同伴が可能で、オーガニックコーヒーと軽食が楽しめる。,03-5658-8856,,11:30〜17:00,木曜定休,,,,,,,,https://barcadog.com/,,,,true,true,,,,テラス席は禁煙・カウンター席は喫煙可。昼はドッグカフェ、夜は「そばBAR」として営業,2026-07-18,,,
beef0000-0000-4000-8000-000000000565,,KZ House(ケージーハウス),葛飾・江戸川,35.66288,139.87900,東京都江戸川区東葛西6-34-16,,false,tokyo,葛西の住宅街にあるドッグカフェ。看板犬のゾロ君とミロちゃんが出迎え、店内・テラスとも大型犬まで同伴可能。,03-3689-1855,,7:00〜21:00,不定休,,,,,,,,,,,,true,true,true,,,トイレのしつけ・予防接種・無駄吠えのしつけ必須・ヒート中不可・リード使用/カフェマット持参必須(貸出あり),2026-07-18,,,
beef0000-0000-4000-8000-000000000566,,わん!リトルガーデン,葛飾・江戸川,35.71119,139.87575,東京都江戸川区大杉5-7-3,,false,tokyo,江戸川区大杉のガラス温室をリノベーションしたカフェ&レストラン。店内全52席で犬同伴が可能で、室内ドッグランも併設。,03-5661-5652,,月〜金11:00〜15:00(L.O.14:00)/土日祝11:00〜21:00(L.O.20:00),年末年始休業,,,,,,,,https://one-littlegarden.jp/,,,,true,,true,,,室内ドッグラン併設(利用無料)・リード必須(散歩エリアの一部除く。大型犬は常にリード必須),2026-07-18,,,
beef0000-0000-4000-8000-000000000540,,Cafe&Diner KHB,北千住,35.75030,139.80100,東京都足立区千住3-36 桝屋ビル1F,,false,tokyo,北千住駅西口徒歩3分・桝屋ビル1階のテキサスメキシカン料理のカフェ&ダイナー。ペット同伴が可能で、同伴の場合は予約が推奨されている。,03-3888-3266,,11:30〜23:30(L.O.フード23:00・ドリンク23:00)※ランチタイム〜15:00,火曜定休・不定休あり,,,,,,,,https://www.seven-kitasenju.com/khb,,,,true,,,,,ペット同伴の場合は予約推奨(座席数の制限に関する記載はなし),2026-07-18,,,
beef0000-0000-4000-8000-000000000541,,LUSH COFFEE ROASTER&LABORATORY,北千住,35.75050,139.80050,東京都足立区千住3-33 園生ビル1F,,false,tokyo,東ティモール産の豆にこだわる自家焙煎コーヒー専門店。店内奥にガラス扉で仕切られた犬同伴専用スペースがあり、外壁沿いの小さなテラス席でも犬同伴が可能。,03-3881-3558,,9:00〜20:00(L.O.料理18:00),年中無休,,,,,,,,,@lushkafe.asu,,https://tabelog.com/tokyo/A1324/A132402/13263965/,true,true,,,,店内奥はガラス扉で仕切られた犬同伴専用スペース・外壁沿いに小さなテラス席あり(混雑時は入店できない場合あり),2026-07-18,,,https://www.instagram.com/p/DbiBTZuvc0P/
beef0000-0000-4000-8000-000000000542,,Takuru(タクる),北千住,35.74780,139.80150,東京都足立区千住仲町18-11 田中仲町ビル,,false,tokyo,北千住駅徒歩4分の台湾人オーナーによる台湾カフェ。1階の座席でペット入店が可能で、散歩ついでの利用も歓迎されている。,03-6812-0641,,11:00〜17:00(L.O.16:30),月曜定休・不定休あり,,,,,,,,,,,https://tabelog.com/tokyo/A1324/A132402/13270381/,true,,,,,1階の座席でペット入店可能と紹介(2階については記載なし),2026-07-18,,,
beef0000-0000-4000-8000-000000000543,,JUICE BAR ROCKET(ジュースバーロケット),北千住,35.75350,139.79850,東京都足立区千住1-1-10,,false,tokyo,スムージーやコールドプレスジュースが楽しめるジューススタンド。看板犬が出迎えるペットフレンドリーな店で、店内でリードを外して過ごせたとの紹介もある。,,,11:30〜17:00(ランチL.O.15:30),火曜定休,,,,,,,,https://juicebarrocket.wixsite.com/juicelife,@juicebarrocket,,,true,,,,,店内でリードを外して過ごせたとの紹介あり・水皿やお掃除グッズの用意あり,2026-07-18,,,https://www.instagram.com/p/CzKtYGKSctE/
beef0000-0000-4000-8000-000000000544,,Pizzeria & Trattoria アダッキオ(AD'ACCHIO),北千住,35.74400,139.81100,東京都足立区千住東1-29-12,,false,tokyo,イタリア製の薪窯で焼くナポリ風ピッツァが看板のピッツェリア。ペット同伴はテラス席限定で店内は不可。,050-3138-4020,,平日11:30〜15:00(L.O.14:30)/18:00〜22:00(L.O.21:30)・土日祝11:30〜15:30(L.O.15:00)/17:00〜21:30(L.O.21:00),年中無休,,,,,,,,https://restaurant.balnibarbi.com/shops/adacchio,,,,false,true,,,,,2026-07-18,,,
beef0000-0000-4000-8000-000000000545,,オカン焼肉 紅ちゃん 本店,北千住,35.74850,139.80950,東京都足立区千住旭町21-6 平田ビル1F,,false,tokyo,2011年開業の家庭的な雰囲気の焼肉店。テラス席に限りペットの同伴が可能。,,,,,,,,,,,,,,,,,true,,,,,2026-07-18,,,
beef0000-0000-4000-8000-000000000546,,焼肉 炙りな 北千住店,北千住,35.75080,139.80000,東京都足立区千住3-58,,false,tokyo,北千住駅西口徒歩5分の韓国料理・焼肉の店。店内でのペット同伴が可能だが小型犬に限られるとの紹介がある。,03-3870-8729,,月〜土17:00〜翌2:00(L.O.1:30)・日祝17:00〜24:00(L.O.23:30),,,,,,,,,https://aburina.gorp.jp/,,,,true,,,,小型犬のみ(専門サイト情報),,2026-07-18,,,
beef0000-0000-4000-8000-000000000547,,MILLS COFFEE(ミルズコーヒー),北千住,35.74320,139.79680,東京都足立区千住橋戸町47,,false,tokyo,千住大橋駅徒歩3分ほどのベーカリーカフェ。テラス席でペット同伴が可能で、店内は木曜のみ同伴可能との情報がある。,,,,,,,,,,,,,,,https://tabelog.com/tokyo/A1324/A132402/13261990/,true,true,,,,店内同伴は木曜のみとの専門サイト情報あり(要確認)。犬用フックなど店内外の設備の案内も別出典にあり,2026-07-18,,,
beef0000-0000-4000-8000-000000000440,,RAD BROS CAFE,高円寺・荻窪,35.70910,139.64890,東京都杉並区高円寺北1-4-2,,false,tokyo,高円寺駅北口近くのバスクチーズケーキとラテが人気のカフェ。店内・テラスとも犬同伴が可能。,,,,,,,,,,,,,,,,true,true,,,,椅子に乗せる場合はカフェマット使用などのマナー案内あり(出典記載),2026-07-18,,,
beef0000-0000-4000-8000-000000000441,,Dogberry(ドッグベリー),高円寺・荻窪,35.70780,139.64930,東京都杉並区高円寺北3-24-6 フォーラム高円寺2F,,false,tokyo,高円寺駅北口近くのソファー席主体のカフェ。店内で犬同伴が可能。,,,,,,,,,,,,,,,,true,,,,,ほぼ全席がソファー席・マット使用などのマナー厳守(出典記載),2026-07-18,,,
beef0000-0000-4000-8000-000000000442,,スパイスと創作料理 この一杯のために。,高円寺・荻窪,35.70480,139.64930,東京都杉並区高円寺南3-70-2,,false,tokyo,高円寺駅高架下の商業施設内にあるスパイスカレー専門店。テラス席で犬同伴が可能。,,,,,,,,,,,,,,,,,true,,,,店内同伴可否の明記なし・テラス席は通りに面した比較的広めの席(出典記載),2026-07-18,,,
beef0000-0000-4000-8000-000000000443,,パンとビストロ 高円寺FLAT(フラット),高円寺・荻窪,35.70470,139.64940,東京都杉並区高円寺南3-70-1,,false,tokyo,高円寺駅高架下のベーカリー併設ビストロ。テラス席で犬同伴が可能。,,,,,,,,,,,,,,,https://tabelog.com/tokyo/A1319/A131904/13283206/,,true,,,,テラス席限定・店内同伴可否の明記なし(出典記載),2026-07-18,,,
beef0000-0000-4000-8000-000000000444,,パンとcafé えだおね,高円寺・荻窪,35.70270,139.62070,東京都杉並区荻窪5-23-1 ドゥエル荻窪1F,,false,tokyo,荻窪駅南口近くの行列のできる人気ベーカリーカフェ。テラス席で犬同伴が可能。,,,,,,,,,,,,,,,,,true,,,,テラス席限定・店内同伴可否の明記なし(出典記載),2026-07-18,,,
beef0000-0000-4000-8000-000000000445,,TRATTORIA Elmo Cielo(トラットリア エルモチェーロ),高円寺・荻窪,35.70300,139.62050,東京都杉並区荻窪5-22-9 藤ビル1F,,false,tokyo,荻窪駅近くのナポリピッツァが自慢のイタリアンレストラン。屋根付きのテラス席で犬同伴が可能。,03-6276-9560,,,,,,,,,,,https://trattoria-elmocielo.foodre.jp/,,,,,true,,,,ペットOKのテラス席あり(出典記載)・店内同伴可否の明記なし,2026-07-18,,,
beef0000-0000-4000-8000-000000000446,,WOODBERRY COFFEE 荻窪店,高円寺・荻窪,35.70950,139.61450,東京都杉並区桃井1-2-2,,false,tokyo,荻窪駅から徒歩圏内のガラス張りロースタリーカフェ。1階の丸テーブル席で犬同伴が可能。,,,,,,,,,,,,,,,,true,,,,1階のみ(出典記載),1階の丸テーブル席を利用(出典記載),2026-07-18,,,
beef0000-0000-4000-8000-000000000447,,Cafe さんぽ道,高円寺・荻窪,35.70220,139.62120,東京都杉並区荻窪4-21-10 ドルチェ荻窪,,false,tokyo,2024年11月オープンの荻窪駅南口近くのドッグフレンドリーカフェ。店内で小型犬から大型犬まで同伴が可能。,,,,,,,,,,,,,,,,true,,true,true,,カートでの入店も可能・看板犬がいる(出典記載),2026-07-18,,,
beef0000-0000-4000-8000-000000000448,,食事とナチュラルワイン AOLA(アオラ),高円寺・荻窪,35.70850,139.62100,東京都杉並区天沼3-30-41,,false,tokyo,荻窪駅北口近くの食事とナチュラルワインが楽しめるレストラン。店内で小型犬のみ同伴が可能(最大2頭)。,,,,,,,,,,,,,,,https://tabelog.com/tokyo/A1319/A131906/13267765/,true,,false,,小型犬のみ・店内合計2頭まで(中型犬以上は不可),リード必須・椅子に乗せる場合はカフェマット持参必須(出典記載),2026-07-18,,,
beef0000-0000-4000-8000-000000000449,,leafis cafe ASAGAYA(リーフィスカフェ阿佐ヶ谷),高円寺・荻窪,35.71080,139.63000,東京都杉並区本天沼1-28-14 エヴァーグリーン阿佐ヶ谷1F,,false,tokyo,阿佐ヶ谷北部の住宅街にあるオーガニックスイーツのカフェ。店内で犬同伴が可能でわんこメニューも充実。,,,,,,,,,,,,,,,,true,,,true,,マット貸出・お水サービスあり(出典記載),2026-07-18,,,
beef0000-0000-4000-8000-000000000400,,Dog Cafe Aloha ilio(アロハイーリオ),町田,35.55900,139.43600,東京都町田市本町田1880-3,,false,tokyo,保護犬活動を行うオーナーが営むハワイアンカフェ。小型犬向けのミニドッグランを併設し、愛犬と一緒に食事を楽しめる。,042-709-3990,,11:00〜17:00(土日祝は20:00まで),木曜定休,,,,,,,,https://dogcafe-alohailio.com/index.html,,,,true,true,true,true,,小型犬向けドッグランを併設(店内利用者限定)。大型犬はリード着用でドッグラン利用可。ワクチン接種済であること・他の犬を怖がらせたり執拗に追いかけないこと等のマナー条件あり(すべて公式サイト)。,2026-07-18,,,
beef0000-0000-4000-8000-000000000401,,dog cafe petitchien(プティシアン),町田,35.55750,139.43400,東京都町田市本町田1129-1,,false,tokyo,高い天井でゆとりある店内とテラス・ロフト席を備えるドッグカフェ。ラム肉や馬肉を使った犬用メニューが充実している。,042-725-0919,,11:30〜17:00(L.O.16:00),月曜定休(変更あり),,,,,,,,https://dogcafe-petitchien.com/,,,,true,true,true,true,,テラス席・ロフト席は各6頭まで(店内は頭数の明記なし)。店内ではリードを手に持つか席の脚等に固定・マーキング癖がある犬はマナーベルト着用・排泄物は持ち帰り必須(すべて公式サイト)。,2026-07-18,,,
beef0000-0000-4000-8000-000000000402,,CAFE花と海,町田,35.59800,139.46200,東京都町田市能ヶ谷1-13-4,,false,tokyo,小田急線鶴川駅近くの一軒家カフェ。看板犬とともに、酵素サラダなど体に優しいメニューを味わえる。,,,11:00〜15:00(L.O.14:30),水・木定休,,,,,,,,https://cafehanatoumi.amebaownd.com/,,,,true,true,true,,,,2026-07-18,,,
beef0000-0000-4000-8000-000000000403,,Dog Cafe Uru(ドッグカフェ ウル),町田,35.52200,139.41800,東京都町田市木曽東2-5-1 ラポール町田1F,,false,tokyo,滑りにくい床材と全席のリードフックを備えた、犬に優しい設計のカフェ。,070-1265-7230,,11:00〜18:00(不定休),,,,,,,,,,@dogcafeuru,,,true,,true,true,,床は滑りにくい素材・全席リードフック完備・飲み水提供。バギー(犬用キャリー)での入店も可能。,2026-07-18,,,https://www.instagram.com/p/DEG6rOHzgqX/
beef0000-0000-4000-8000-000000000404,,オルオルアイナ(Oluolu Aina),町田,35.58500,139.46800,東京都町田市大蔵町2790-1,,false,tokyo,ハワイ料理を提供するダイニングバー。屋根付きの白いウッドテラス席で愛犬と食事ができる。,042-708-9255,,9:00〜17:00(火曜定休)・金土は9:00〜21:00,火曜定休,,,,,,,,https://oluolu-aina.com/,,,,,true,true,,,ペットカートでの利用も可能。,2026-07-18,,,
beef0000-0000-4000-8000-000000000405,,THE CITY BAKERY 南町田グランベリーパーク,町田,35.52900,139.44800,東京都町田市鶴間3-3-1 グランベリーパーク内,,false,tokyo,NY発のベーカリー&レストラン。屋外テラス40席で愛犬と食事ができる(店内は不可)。,042-850-7173,,ベーカリー・カフェ9:00〜21:00(レストランは平日11:00〜21:00・土日祝10:00開店・金土祝前日22:00閉店),,,,,,,,,https://thecitybakery.jp/shop/minamimachida.html,,,,false,true,,,,,2026-07-18,,,
beef0000-0000-4000-8000-000000000406,,Snow Peak Cafe&Dining 南町田グランベリーパーク,町田,35.52900,139.44850,東京都町田市鶴間3-4-1 グランベリーパーク内,,false,tokyo,スノーピーク製品を用いたアウトドアテイストのレストラン。テラス席で愛犬と食事ができる(店内は不可)。,,,11:00〜20:00(料理L.O.19:00・ドリンクL.O.19:30),,,,,,,,,https://www.snowpeak.co.jp/news/p20230622/,,,,false,true,,true,,犬用フードメニュー(ビーフ・チキンの2種×S/M/Lサイズ)あり。,2026-07-18,,,
beef0000-0000-4000-8000-000000000407,,WIRED KITCHEN 南町田グランベリーパーク,町田,35.52880,139.44820,東京都町田市鶴間3-4-1 グランベリーパークB1F,,false,tokyo,南町田グランベリーパーク内で数少ない、店内の一部エリアでも愛犬と過ごせるカフェ&レストラン。テラス席でも同伴可能。,,,11:00〜22:00,,,,,,,,,,,,,true,true,,,,店内は一部エリアのみペット同伴可(inutome.jp)。グランベリーパーク公式特集ページも店内同伴可能な店舗として紹介。denen-city.comはテラス利用時の案内が中心で店内可否への言及はなし。,2026-07-18,,,
beef0000-0000-4000-8000-000000000408,,ファーマーズキッチン 南町田グランベリーパーク,町田,35.52870,139.44810,東京都町田市鶴間3-4-1 グランベリーパーク グリーンリビング1F,,false,tokyo,ガーデンセンターに隣接したイタリアンレストラン。テラス席で愛犬と食事ができる(店内は不可)。,042-850-7231,,11:00〜20:00,,,,,,,,,,,,,false,true,,,,,2026-07-18,,,
beef0000-0000-4000-8000-000000000409,,ひつじのショーンビレッジ ショップ&カフェ 南町田グランベリーパーク,町田,35.52890,139.44830,〒194-0004 東京都町田市鶴間3-4-1 グランベリーパーク ワンダーシアター1F,,false,tokyo,『ひつじのショーン』の世界観を楽しめる日本初のミュージアムカフェ。テラス席で愛犬と食事ができる(店内は不可)。,042-850-6940,,10:00〜21:00(L.O.20:00)・テイクアウト11:00〜18:00,,,,,,,,,https://shaunvillage.jp/,,,,false,true,,,,,2026-07-18,,,
beef0000-0000-4000-8000-000000000280,,VIRON 丸の内店,丸の内・神田,35.67854,139.76489,東京都千代田区丸の内2-7-3 東京ビルTOKIA 1F,,false,tokyo,東京駅そばTOKIA内にあるフランスパンとワインが自慢のブーランジェリー&ブラッスリー。テラス席限定で犬同伴が可能。,03-5220-7288,,ブーランジェリー・パティスリー9:00〜20:00(ブラッスリーは別途時間帯で営業),TOKIA(東京ビル)の休館日に準ずる(不定休),,,,,,,,,@viron_brasserie,,https://tabelog.com/tokyo/A1302/A130201/13043904/,false,true,true,,,,2026-07-18,,,https://www.instagram.com/p/CqamrNpPG8q/
beef0000-0000-4000-8000-000000000281,,P.C.M. パブ・カーディナル・マルノウチ,丸の内・神田,35.67858,139.76491,東京都千代田区丸の内2-7-3 東京ビルTOKIA 1F,,false,tokyo,丸の内・東京ビルTOKIA内の開放的なテラスが自慢のクラフトビール&パブダイニング。テラス席は犬などのペット同伴が可能。,03-5222-1251,,月〜土11:00〜翌4:00・日祝11:00〜22:00,ビル(TOKIA)の休館日に準ずる,,,,,,,,https://pcm-marunouchi.com/en_us/,,,,false,true,,,,犬以外の小動物(猫・フェレット等)も同伴可との紹介あり,2026-07-18,,,
beef0000-0000-4000-8000-000000000282,,Osteria IL VIAGGIO,丸の内・神田,35.67930,139.76775,東京都千代田区丸の内1-9-1 グランルーフ2F(JR東京駅八重洲中央口改札外),,false,tokyo,東京駅八重洲口グランルーフ2階にある薪焼きイタリアン。テラス席は犬同伴で利用可能。,03-6627-2100,,月〜土・祝前日11:00〜23:00・日祝11:00〜22:00,,,,,,,,,,,,https://tabelog.com/tokyo/A1302/A130201/13286321/,false,true,true,,,テラスへの移動時、共用部(エスカレーター・階段等)ではキャリーバッグ等への収納が必要,2026-07-18,,,
beef0000-0000-4000-8000-000000000283,,肉ビストロ&クラフトビール ランプラント(l'Empreinte),丸の内・神田,35.68010,139.76256,東京都千代田区丸の内2-2-3 丸の内仲通りビル1F,,false,tokyo,丸の内仲通り沿いの隠れ家的テラスで熟成肉やクラフトビールが楽しめるビストロ。テラス席で犬同伴可能・わんちゃん専用ステーキも用意。,050-5462-2816,,平日ランチ11:30〜14:30(L.O.14:00)・平日ディナー17:30〜23:00(L.O.22:00)/土日祝ランチ11:30〜15:30(L.O.15:00)・土日祝ディナー17:30〜21:30(L.O.21:00),施設(ビル)に準ずる・年末年始休業(要確認),,,,,,,,https://lempreinte.foodre.jp/,,,,false,true,true,true,,わんちゃん専用のステーキメニューあり(公式サイトより),2026-07-18,,,
beef0000-0000-4000-8000-000000000284,,ジャンピングパンダ(丸の内テラス),丸の内・神田,35.68428,139.76404,東京都千代田区丸の内1-3-4 丸の内テラス1F,,false,tokyo,丸の内テラスにある四川料理のカジュアル中華バル。ペット同伴時はテラス席限定での利用。,03-6206-3920,,月〜金11:30〜14:30・17:30〜23:00/土日12:00〜15:30・16:00〜21:30/祝日11:30〜15:00・16:00〜21:30,ビル(丸の内テラス)に準ずる・年末年始休業,,,,,,,,https://akr3565174053.owst.jp/,,,,false,true,true,,,,2026-07-18,,,
beef0000-0000-4000-8000-000000000285,,ブラッスリー セント・ベルナルデュス 神田(St.Bernardus),丸の内・神田,35.69058,139.76972,東京都千代田区内神田3-6-2 アーバンネット神田ビル1F,,false,tokyo,神田駅そばのベルギービール醸造所の名を冠したブラッスリー。ペット同伴可(専門サイトの案内ではテラス席限定)。,050-5487-9569,,月〜金 昼11:30〜15:00(L.O.14:30)・夜17:00〜23:00(L.O.22:30)/土日祝11:30〜23:00(L.O.22:30),不定休・年末年始休業,,,,,,,,https://p651619.gorp.jp/,,,,false,true,,,,公式は無限定の「ペット同伴OK(詳細は問い合わせ)」、pet-restaurant.comはテラス限定と記載。店内可否は要確認,2026-07-18,,,
beef0000-0000-4000-8000-000000000286,,CIRCULO(シルクロ),丸の内・神田,35.68366,139.76467,東京都千代田区丸の内1-4-5 三菱UFJ信託銀行本店ビルB1F,,false,tokyo,丸の内・三菱UFJ信託銀行本店ビル地下のフランス料理店。ウッドデッキのテラス席は大型犬まで同伴可能(店内は不可)。,03-5222-6033,,平日ランチ11:00〜14:30(L.O.13:30)・平日ディナー17:30〜22:00(L.O.フード20:00/ドリンク21:30)/土祝ランチ11:00〜14:30(L.O.13:00)・土祝ディナー17:30〜22:00(L.O.21:00),日曜定休,,,,,,,,https://wehavesomething.wixsite.com/circulo,,,https://tabelog.com/tokyo/A1302/A130201/13267769/,false,true,true,,,,2026-07-18,,,
beef0000-0000-4000-8000-000000000460,,Terrie's Dog Cafe そら〜ず,中野,35.69600,139.67600,東京都中野区中央5-10-15,,false,tokyo,犬の食育士がオーナーを務める一軒家のドッグカフェ。ノーリードで愛犬とくつろげる、新中野・中野駅からのんびり歩ける住宅街の隠れ家。,,,平日16:00〜22:00・土日祝13:00〜22:00,月曜定休,定休,,,,,,,https://sora0114mako0609.com/dogcafe/,,,https://tabelog.com/en/tokyo/A1319/A131902/13202073/,true,,true,true,,リード不要(ノーリード可)で店内利用可。狂犬病・混合ワクチン接種(1年以内)未接種、トイレのしつけ未完了、ヒート中の犬は利用不可(公式サイトより)。,2026-07-18,,,
beef0000-0000-4000-8000-000000000461,,anea cafe 中野新橋店,中野,35.69050,139.67650,東京都中野区本町5-3-8 中野新橋ビル1F,,false,tokyo,中野新橋駅すぐの、犬・猫など幅広いペットと過ごせるカフェ&バー。木のぬくもりある店内は全席ペット同伴可で専用メニューも用意。,03-6382-7928,,11:30〜26:00,無休,,,,,,,,https://anea.jp/,@aneacafe_nakanoshinbashi,,https://tabelog.com/en/tokyo/A1319/A131903/13152894/,true,true,true,true,,リード・マナーベルト着用必須。ヒート中の犬は利用不可(Honda Dog公式サイトより)。,2026-07-18,,,https://www.instagram.com/p/DTM_go4k8ap/
beef0000-0000-4000-8000-000000000462,,GOOD MORNING CAFE 中野セントラルパーク,中野,35.70950,139.66600,東京都中野区中野4-10-2 中野セントラルパークサウス1F,,false,tokyo,中野四季の森公園に面したイタリアン&バルスタイルのカフェ。開放的なテラス席で緑を眺めながら朝食からディナーまで楽しめる。,050-5488-4492,,平日11:00〜22:00(料理L.O.20:30・ドリンクL.O.21:00)・土日祝8:30〜22:00(同L.O.),,,,,,,,,https://gmc-nakano.com/,@gmc__nakano,,https://tabelog.com/en/tokyo/A1319/A131902/13147583/,false,true,,,,テラス席のみ犬同伴可(店内不可)。大型犬可否・頭数上限の記載なし。,2026-07-18,,,https://www.instagram.com/p/DbuKMRQk7X8/
beef0000-0000-4000-8000-000000000463,,gufo(グーフォ),中野,35.71850,139.64850,東京都中野区野方5-26-3 パークサイド野方1F,,false,tokyo,ペット用品・雑貨・絵本の販売とカフェを併設した野方の店。動物と人をつなぐコンセプトで、犬・猫と一緒に立ち寄れる。,,,10:30〜19:00,火曜定休・第2第4月曜定休,,定休,,,,,,https://gufo.jp/,@nogatagufo,,https://tabelog.com/tokyo/A1321/A132104/13253094/,true,,,,,お座敷席に上がる際は足を拭きタオル等の敷物を用意(中野区公式サイトより)。ペット撮影会等のイベント時は事前にInstagram等で要確認。,2026-07-18,,,https://www.instagram.com/p/Da9ZM_YEh7O/
beef0000-0000-4000-8000-000000000464,,LOU,中野,35.70900,139.66500,東京都中野区中野5-53-4,,false,tokyo,パドラーズコーヒー2号店として中野北口の路地裏にあるスタイリッシュなカフェ。焙煎コーヒーと焼き菓子が人気でテラス席あり。,,,月火木金9:00〜16:00・土日8:00〜16:00,水曜定休,,,定休,,,,,,,,https://tabelog.com/en/tokyo/A1319/A131902/13261085/,false,true,,,,テラス席のみ犬同伴可(店内不可)。,2026-07-18,,,
beef0000-0000-4000-8000-000000000465,,ヨガカフェ,中野,35.69500,139.67950,東京都中野区本町2-45-2 1F,,false,tokyo,中野坂上の路地にあるヨガスタジオ併設カフェ。きのこカレーが看板メニューで、店頭テラス席のみ犬同伴可能。,,,月水木金11:00〜13:30(L.O.13:00)・土日祝11:00〜15:00(L.O.14:30),,,,,,,,,,,,https://tabelog.com/tokyo/A1319/A131903/13142635/,false,true,,,テラス席2人掛け×2卓のみ(少人数限定),店頭テラス席(2人掛け×2卓)のみ犬同伴可。,2026-07-18,,,
beef0000-0000-4000-8000-000000000480,,窯焼きバルカフェ らんぷ+k,押上・錦糸町,35.71080,139.81200,東京都墨田区業平1-22-5 1F,,false,tokyo,押上駅近くでスカイツリーを望むテラス席がある発酵×窯焼きピッツァのバルカフェ。テラス席は犬同伴可・小型犬は抱っこで店内利用も可。,03-5637-8308,,月・水・木11:30〜14:00／17:00〜23:00・金11:30〜14:00／17:00〜24:00・土日11:30〜24:00・祝11:30〜23:00,火曜定休(祝日の場合は翌水曜日),,,,,,,,https://lamp-oshiage.com/,,,,true,true,,,小型犬はテラス・店内(抱っこ)可・中型犬はテラスのみ・カラーとリード持参必須,店内は席が手狭なためテラス席を推奨(店内利用時は抱っこ必須),2026-07-18,,,
beef0000-0000-4000-8000-000000000481,,ENRICH,押上・錦糸町,35.71130,139.81450,東京都墨田区業平4-15-9 三谷ビル1F,,false,tokyo,押上駅近くのオールデイダイニングカフェ。ナチュラルワインや多国籍料理が楽しめ、小〜中型犬同伴で店内利用ができる。,03-6456-1621,,月9:00〜16:00・火〜金9:00〜16:00／18:00〜22:00・土日祝9:00〜22:00,不定休,,,,,,,,,,,https://tabelog.com/tokyo/A1312/A131203/13299616/,true,,,,小型〜中型犬まで,,2026-07-18,,,
beef0000-0000-4000-8000-000000000482,,PENNY LANE ソラマチ店,押上・錦糸町,35.71010,139.80980,東京都墨田区押上1-1-2 東京ソラマチ,,false,tokyo,東京スカイツリータウン内のベーカリー&パブリック。館内への犬同伴は不可だが、併設のテラス席は犬同伴で利用できる。,03-5608-1960,,ベーカリー9:00〜21:00・パブリック17:00〜22:00(L.O.21:00),定休日なし(東京ソラマチに準ずる),,,,,,,,https://pennylane.company/solamachi,@penny_lane_soramachi,,https://tabelog.com/tokyo/A1312/A131203/13271434/,false,true,,,,東京ソラマチ館内は犬同伴不可・店舗外のテラス席のみ利用可(満席時はソラマチ広場のオープンテラスも利用可とスタッフ案内あり),2026-07-18,,,https://www.instagram.com/p/DaUAsWJBjjo/
beef0000-0000-4000-8000-000000000483,,犬茶屋本舗,押上・錦糸町,35.69350,139.79750,東京都墨田区立川3-10-8 パイロットハウス1階,,false,tokyo,古都京都の一戸建てをイメージした黒塗りの外観が目印の和風ドッグカフェ。店内・テラスとも犬同伴可能で、自家製の犬用メニューも豊富。,03-6413-0035,,12:00〜19:00(L.O.18:00)(出典により11:30〜17:00・11:00〜16:00等の記載もあり、要現地確認),木曜定休,,,,,,,,,,,https://tabelog.com/tokyo/A1312/A131201/13096167/,true,true,true,true,中・大型犬もOK,トイレのしつけ必須・予防接種必須・無駄吠えのしつけ必須・ヒート(発情中)の利用不可・リード使用必須・店内はペット可席と一般席に分かれている,2026-07-18,,,
beef0000-0000-4000-8000-000000000484,,マキネスティコーヒー 緑本店,押上・錦糸町,35.69350,139.80550,東京都墨田区緑3-11-5,,false,tokyo,錦糸町と両国の間にある本格スペシャルティコーヒーの自家焙煎店。犬同伴に関する個人ブログの紹介はあるが公式方針としては未確認。,03-3846-4321,,10:00〜19:00(L.O.18:30),火曜定休,,,,,,,,https://macchinesticoffee.co.jp/pages/shop,,,,,,,,,店内可否は2018年の個人ブログ体験談1件のみが根拠で店の公式方針の明記ではない。同店には「緑本店」と「テルミナ店」があり、出典はいずれも「緑本店」を名指ししておらず住所からの推定。要現地確認(公式サイトにペット記載なし),2026-07-18,,,
beef0000-0000-4000-8000-000000000200,,a-bridge 三軒茶屋店,三軒茶屋・下北沢,35.64320,139.66982,東京都世田谷区三軒茶屋2-14-12 三元ビルRF,,false,tokyo,三軒茶屋駅近くのビル屋上にある隠れ家風カフェ&ダイニングバー。店内・屋上テラスとも犬同伴可能。,03-3418-5013,,12:00〜24:00,水曜定休,,,,,,,,,@abridge2001,,https://tabelog.com/tokyo/A1317/A131706/13021821/,true,true,,,,,2026-07-18,,,https://www.instagram.com/p/BX_M5BblvOU/
beef0000-0000-4000-8000-000000000201,,FUNGO 三宿本店,三軒茶屋・下北沢,35.64176,139.68090,東京都世田谷区下馬1-40-10,,false,tokyo,世田谷公園そばで長年営業するサンドイッチ&ハンバーガー専門店。テラス席は大型犬まで同伴可能(店内は不可)。,03-3795-1144,,10:00〜21:00(L.O.20:00),年末年始休業,,,,,,,,https://www.fungo.com/,@cafe_fungo,,,false,true,true,,,大型犬もテラス席なら同伴可(店内は不可),2026-07-18,,,https://www.instagram.com/p/C9oJOJqTDsB/
beef0000-0000-4000-8000-000000000202,,イル ピッツァイオーロ(il Pizzaiolo),三軒茶屋・下北沢,35.64451,139.66876,東京都世田谷区太子堂4-20-7,,false,tokyo,薪窯で焼くナポリピッツァが評判の三軒茶屋のピッツェリア。テラス席のみ犬同伴可能(店内は不可)。,03-3411-5556,,火〜土11:30〜15:00・18:00〜22:30/日11:30〜15:00・18:00〜22:00,月曜定休(他不定休あり),,,,,,,,https://ilpizzaiolo.amebaownd.com/,@il_pizzaiolo_,,https://tabelog.com/tokyo/A1317/A131706/13013741/,false,true,,,,,2026-07-18,,,
beef0000-0000-4000-8000-000000000203,,スパイスバル317(サンイチナナ),三軒茶屋・下北沢,35.64087,139.67401,東京都世田谷区三軒茶屋1-7-12,,false,tokyo,20種類以上のスパイスを使うカレー・タパスが楽しめるバル。店内は一部の席のみ犬同伴可能。,03-6450-8850,,月・水〜金17:00〜24:00/土11:30〜24:00/日・祝11:30〜23:00,火曜定休(祝日の場合は営業),,,,,,,,,@spicebar317,,,true,,,,,店内は扉が開いている時のみ・一部席のみ犬同伴可,2026-07-18,,,https://www.instagram.com/p/C4FT_sDSO6m/
beef0000-0000-4000-8000-000000000204,,cafe garage Dogberry(ドッグベリー)下北沢,三軒茶屋・下北沢,35.66313,139.66692,東京都世田谷区北沢2-29-16 高木ビル1F,,false,tokyo,アメリカンガレージ風の内装が特徴のカフェ&ダイニングバー。店内・テラス席とも犬同伴可能。,050-5488-2500,,モーニング9:00〜11:00・ランチ11:00〜17:30・ディナー17:30〜24:00,無休,,,,,,,,https://ggs6200.gorp.jp/,,,,true,true,,,,ドッグカフェではないため犬用メニュー等の特別サービスは無し(詳細は要問合せ)。大型犬は要問合せ(petokoto),2026-07-18,,,
beef0000-0000-4000-8000-000000000205,,tag cafe(タグカフェ),三軒茶屋・下北沢,35.66094,139.66801,東京都世田谷区北沢2-12-10 サウスサイドII 2B,,false,tokyo,下北沢駅東口徒歩1分のレトロな喫茶店。店内で犬同伴可能。,03-6450-7253,,11:00〜20:00(L.O.19:30),無休,,,,,,,,,@tagcafe_shimokita,,,true,,,,,,2026-07-18,,,https://www.instagram.com/p/C83GED5yGCI/
beef0000-0000-4000-8000-000000000206,,織部 下北沢店(オリベ),三軒茶屋・下北沢,35.65959,139.66812,東京都世田谷区北沢2-2-3 1F,,false,tokyo,若手陶芸家の和食器を扱うギャラリー併設カフェ。テラス席のみ犬同伴可能(店内は器の展示販売エリアのため不可)。,03-5432-9068,,11:00〜19:00(L.O.18:30),無休(元日のみ休業),,,,,,,,,,,,false,true,,,,テラス席は雨天時もビニール・屋根ありで利用可,2026-07-18,,,
beef0000-0000-4000-8000-000000000207,,Waffle cafe ORANGE(ワッフルカフェ・オランジ),三軒茶屋・下北沢,35.66265,139.66656,東京都世田谷区北沢2-26-21 エルファアシティ下北沢1F,,false,tokyo,手作りワッフルが人気のカフェ。テラス席のみ犬同伴可能で大型犬もOK(店内は不可)。,03-5738-5320,,11:00〜19:00,元日休業,,,,,,,,,@waffle_cafe_orange,,https://tabelog.com/tokyo/A1318/A131802/13015567/,false,true,true,,,,2026-07-18,,,https://www.instagram.com/reel/CxabChMSe11/
beef0000-0000-4000-8000-000000000320,,SHARK COFFEE,渋谷駅周辺,35.66350,139.69820,〒150-0042 東京都渋谷区宇田川町2-1 渋谷ホームズ1F,,false,tokyo,渋谷公園通り沿いのヴィーガン系コーヒースタンド。50席以上の広い店内でソファー席以外は犬同伴可能。,,,9:00〜19:00(L.O.18:30),無休,,,,,,,,https://sharkcoffee.store/,@sharkcoffee_shibuya,,https://tabelog.com/en/tokyo/A1303/A130301/13283725/,true,true,false,true,,ソファー席は犬同伴不可・ワンちゃん用マット貸出とお水の用意あり,2026-07-18,,,https://www.instagram.com/reel/Ctq3JKsJAa0/
beef0000-0000-4000-8000-000000000321,,THE LINKING,渋谷駅周辺,35.66140,139.69780,東京都渋谷区神南1-14-9 第7FMGビル1F,,false,tokyo,神南のアメリカンダイナー。アンガス牛のチャックテールステーキが看板で、店内での犬同伴に対応。,03-6416-5882,,月・火・木・金17:00〜23:00・土日祝11:00〜23:00,水曜定休,,,,,,,,https://linkinggroup.jp/the-linking/,@the_linking_,,,true,false,,,,大型犬可否は出典間で一致せず(詳細は出典参照)・犬種条件は要問合せ,2026-07-18,,,https://www.instagram.com/p/C4S2ApByzHn/
beef0000-0000-4000-8000-000000000322,,Whitely Cafe,渋谷駅周辺,35.66500,139.69650,東京都渋谷区神南1-6-14 ジョルディビル1F,,false,tokyo,代々木公園に近い神南の完全予約制カフェ&バー。白を基調にした店内に小さな滝が流れ、犬同伴でくつろげる。,,完全予約制(Instagram DMのみ),CAFE 10:30〜18:00・BAR 18:00〜22:00,,,,,,,,,,@whitely_cafe,,,true,,false,true,,,2026-07-18,,,https://www.instagram.com/p/DIoJrNWzpTg/
beef0000-0000-4000-8000-000000000323,,good fellas,渋谷駅周辺,35.65590,139.69600,東京都渋谷区円山町7-11 梅北ビル3F,,false,tokyo,円山町(神泉)にあるカフェ&バー。深夜まで営業しており、渋谷駅から徒歩圏で仕事帰りにも立ち寄れる。,03-6277-5543,,月〜土12:00〜16:00・18:00〜翌5:00,日曜定休,,,,,,,,,,,https://tabelog.com/en/tokyo/A1303/A130301/13156028/,true,false,false,,,3階のため小型犬はカート等での来店が望ましい,2026-07-18,,,
beef0000-0000-4000-8000-000000000324,,Dog Salon & Cafe Karin堂,渋谷駅周辺,35.65580,139.69750,東京都渋谷区桜丘町7-13,,false,tokyo,桜丘町のドッグサロン併設カフェ。オーガニック野菜中心の料理と、犬同伴でくつろげる店内席が特徴。,03-3461-6956,,平日12:00〜15:00(ランチ)・15:00〜19:00(ディナー)・第2/4土曜13:00〜15:00(ランチ)・15:00〜18:00(ディナー),第1・3・5土曜/日曜/祝日定休,,,,,,,,,,,,true,,true,true,,総席数18席のうち犬同伴可18席,2026-07-18,,,
beef0000-0000-4000-8000-000000000325,,mum coffee,渋谷駅周辺,35.65490,139.69700,東京都渋谷区桜丘町10-6 1F,,false,tokyo,桜丘町にある小さなコーヒースタンド。焼き菓子やアサイーボウルを提供する、犬連れ散歩の合間に立ち寄れるカフェ。,,,平日8:30〜18:00・土日11:00〜18:00,月曜定休,,,,,,,,,@mumcoffeeshibuya,,,true,,true,,,,2026-07-18,,,https://www.instagram.com/p/DbfZRgFBwZ7/
beef0000-0000-4000-8000-000000000326,,君のハンバーグを食べたい渋谷店,渋谷駅周辺,35.66250,139.69750,東京都渋谷区宇田川町13-16 コクサイビルA館2F,,false,tokyo,宇田川町にあるハンバーグ専門店。精米から手がける自家製ライスが自慢で、テラス席は犬同伴可能。,050-5456-6964,,11:00〜22:00(L.O.21:00),,,,,,,,,,@kimino_hamburg_shibuyaten,,https://tabelog.com/en/tokyo/A1303/A130301/13301975/,false,true,,,,大型犬の可否は要確認,2026-07-18,,,
beef0000-0000-4000-8000-000000000327,,Tokyo Kenkyo,渋谷駅周辺,35.65250,139.69400,東京都渋谷区南平台町7-9 2F,,false,tokyo,南平台町の住宅街にある隠れ家的カフェ。厚切りかつサンドが人気で、店内全席が犬同伴可能。,03-6416-4751,,火〜土8:00〜17:00,月・日定休,,,,,,,,,@kenkyo_nanpeidai,,https://tabelog.com/en/tokyo/A1303/A130301/13178629/,true,,true,true,,,2026-07-18,,,https://www.instagram.com/p/DbmbInXE8Oi/
beef0000-0000-4000-8000-000000000328,,Restaurant Bar BORNE,渋谷駅周辺,35.65650,139.69550,〒150-0044 東京都渋谷区円山町5-4 Field A Shibuya 101,,false,tokyo,円山町の農家イタリアン。山口県の自社農園から届く野菜と自家製パスタが特徴で、開放的なテラス席は犬同伴可能。,050-5488-6529,,月木日18:00〜23:30(L.O.22:30)・金土18:00〜24:00(L.O.23:00)・火〜金ランチ12:00〜14:30(L.O.14:00),,,,,,,,,https://gay3100.gorp.jp/,@borne_shibuya,,,false,true,,,,,2026-07-18,,,https://www.instagram.com/reel/Cp7TkS4gh0k/
beef0000-0000-4000-8000-000000000329,,Vegeater,渋谷駅周辺,35.65800,139.70650,〒150-0011 東京都渋谷区東1-14-12 常盤松マンション1F,,false,tokyo,宮益坂寄りの東一丁目にあるヴィーガンレストラン。個室では大型犬まで同伴可能。,090-8590-1144,個室のみ・予約推奨,,,,,,,,,,,,,https://tabelog.com/en/tokyo/A1303/A130301/13257077/,true,false,true,,,個室のみ利用可・座席数限定のため要予約,2026-07-18,,,
beef0000-0000-4000-8000-000000000220,,ハーベステラス 品川店,品川・大井町,35.62500,139.73800,東京都港区高輪4-8-4 モンベル高輪ビル B1F,,false,tokyo,モンベル高輪ビル地下1階、吹き抜けのテラス席が心地よいナチュラルダイニングカフェ。テラス席は犬同伴可。,,,,,,,,,,,,,,,,false,true,,,,,2026-07-18,,,
beef0000-0000-4000-8000-000000000221,,オービカ モッツァレラバー 高輪店,品川・大井町,35.62850,139.73850,東京都港区高輪4-10-18 ウィング高輪WEST-II 1F,,false,tokyo,水牛モッツァレラなどイタリア産チーズが自慢のモッツァレラ専門レストラン。中庭のようなテラス席で犬同伴が楽しめる。,,,11:00〜23:00（L.O.22:00）,,,,,,,,,,,,,false,true,,,,,2026-07-18,,,
beef0000-0000-4000-8000-000000000222,,高輪バール・デルソーレ,品川・大井町,35.62855,139.73855,東京都港区高輪4-10-18 ウィング高輪WEST 1F,,false,tokyo,赤いパラソルが目印のイタリアンバール。ペット同伴OKと案内されている（テラス席が中心）。,050-5489-3075,,11:00〜23:00（L.O.22:00）,不定休日あり,,,,,,,,,,,,false,true,,,,,2026-07-18,,,
beef0000-0000-4000-8000-000000000223,,オーバカナル 高輪店,品川・大井町,35.62830,139.73870,東京都港区高輪4-10-8 京急第7ビル 1F,,false,tokyo,フランス風ブランジェリー・カフェ・ブラッスリーを併設する複合店舗。テラス席は屋根付きで雨天でも犬同伴で利用できる。,,,11:00〜22:00,年中無休,,,,,,,,,,,,false,true,,,,テラス席は天井あり（雨の日も利用可）,2026-07-18,,,
beef0000-0000-4000-8000-000000000224,,COFFEE STAND .OTTEN,品川・大井町,35.62950,139.74050,東京都港区港南1-8-35 コクヨ東京品川オフィス 1F,,false,tokyo,文具メーカー・コクヨの品川本社1階にあるコーヒースタンド。緑に囲まれたウッドデッキのテラス席は大型犬まで同伴可能（店内は不可）。,090-3428-6777,,,,,,,,,,,https://otten.tokyo/,,,,false,true,true,,,,2026-07-18,,,
beef0000-0000-4000-8000-000000000225,,Mon-TERCERO（テルセーロ）,品川・大井町,35.62500,139.74200,東京都港区港南2-3-13 品川フロントビル 1F,,false,tokyo,品川フロントビル1階のレストラン。テラス席でペット同伴が可能。,,,,,,,,,,,,,,,,false,true,,,,,2026-07-18,,,
beef0000-0000-4000-8000-000000000226,,Los Angeles BALCONY Terrace Restaurant & Moon Bar,品川・大井町,35.62700,139.74150,東京都港区港南1-2-70 品川シーズンテラス 2F,,false,tokyo,品川シーズンテラス2階、カリフォルニア料理のレストラン＆バー。ランチタイムのテラス席は小型〜中型犬まで同伴可能。,03-6433-2455,,,,,,,,,,,https://www.los-angeles-balcony.com/,,,,false,true,false,,小型〜中型犬のみ可（ランチタイムのテラス席限定）,ランチタイムのテラス席限定。ディナー等その他時間帯の可否は出典に記載なし,2026-07-18,,,
beef0000-0000-4000-8000-000000000227,,NATURE&MEAT GROVE PARK VIEW,品川・大井町,35.60550,139.73150,"東京都品川区広町2-1-3,17,21 他（OIMACHI TRACKS 2F）",,false,tokyo,OIMACHI TRACKS（大井町トラックス）2階のオールデイダイニング。緑に囲まれたテラス席は犬同伴可能。,,,,,,,,,,,,,,,,false,true,,,,,2026-07-18,,,
beef0000-0000-4000-8000-000000000228,,les joues de bébé,品川・大井町,35.60550,139.73150,"東京都品川区広町2-1-3,17,21 他（OIMACHI TRACKS 3F）",,false,tokyo,OIMACHI TRACKS（大井町トラックス）3階のベーカリー。テラス席で犬と一緒にパンを楽しめる（トレインビューあり）。,,,,,,,,,,,,,,,,false,true,,,,,2026-07-18,,,
beef0000-0000-4000-8000-000000000260,,The Jones Café | Bar,新宿,35.68950,139.69460,東京都新宿区西新宿3-4-7 キンプトン新宿東京 1F,,false,tokyo,キンプトン新宿東京1階のニューヨークスタイルカフェ&バー。公式サイトに1予約あたり犬4頭まで同伴可能と明記されている。,03-6258-1111,,7:00〜22:00(朝食・ランチ・ディナー通し営業。出典により6:30〜23:00とする記載もあり),,,,,,,,,https://www.kimptonshinjuku.com/tokyo-restaurants/the-jones/,,,,true,,true,,,1予約につき犬4頭まで同伴可(公式サイト明記)。カフェマット持参が必要(出典記載)。オリジナルボーンクッキーの提供あり(正式な犬用フードメニューではない、と公式は案内)。,2026-07-18,,,
beef0000-0000-4000-8000-000000000261,,District ブラッスリー・バー・ラウンジ,新宿,35.68950,139.69460,東京都新宿区西新宿3-4-7 キンプトン新宿東京 2F,,false,tokyo,キンプトン新宿東京2階のブラッスリー&バー&ラウンジ。公式サイトはテラスと店内ラウンジエリアに限り犬同伴可能と案内。,,,朝食6:30〜11:00・ランチ11:30〜17:00(アフタヌーンティー11:30〜15:00)・ディナー18:00〜23:00(出典記載、フードL.O.21:00),,,,,,,,,https://www.kimptonshinjuku.com/tokyo-restaurants/%E3%83%87%E3%82%A3%E3%82%B9%E3%83%88%E3%83%AA%E3%82%AF%E3%83%88-%E3%83%96%E3%83%A9%E3%83%83%E3%82%B9%E3%83%AA%E3%83%BC%E3%83%90%E3%83%BC%E3%83%BB%E3%83%A9%E3%82%A6%E3%83%B3%E3%82%B8-%E6%9D%B1%E4%BA%AC/,,,,true,true,,,,犬同伴はテラス席と店内「ラウンジ」エリアに限る(一般の店内席は不可、公式サイト明記)。1予約につき犬4頭まで同伴可(The Jones Café|Barと共通の公式案内文言)。大型犬可否は公式に明記なし(ブログ1件は大型犬も同伴可と紹介するが単独出典)。,2026-07-18,,,
beef0000-0000-4000-8000-000000000262,,BOWLS cafe(ボウルズカフェ),新宿,35.69070,139.70800,東京都新宿区新宿2-5-16 霞ビル1F,,false,tokyo,新宿三丁目駅近くの犬同伴OKカフェ。店内・テラスとも犬同伴可能で大型犬も歓迎している。,03-3341-4331,,11:30〜17:00(L.O.16:00)。ランチは平日11:30〜14:30(公式サイト記載),,,,,,,,,https://bowlscafe.com/,,,,true,true,true,,,椅子やソファ席を利用する場合はカフェマットを敷いて対応(出典記載)。手作り犬用おやつの販売あり(正式なフードメニューの明記なし)。,2026-07-18,,,
beef0000-0000-4000-8000-000000000263,,ARMWOOD COTTAGE(アームウッドコテージ),新宿,35.68850,139.71080,東京都新宿区新宿1-10-5 岡田ビル2F,,false,tokyo,新宿御苑近くの隠れ家風コテージカフェ。店内・テラスとも犬同伴可能で、犬用の盛り合わせメニューも用意している。,,,,,,,,,,,,,,,https://tabelog.com/tokyo/A1304/A130402/13041657/,true,true,,true,,大型犬可否は出典間で対立(あるブログは「不可」、別のブログ2件は「可」と紹介)のため空欄とした。同伴希望は予約時に備考欄への記載が必要(食べログ店舗情報)。平日は喫煙可・土日は禁煙との紹介あり(出典記載)。,2026-07-18,,,
beef0000-0000-4000-8000-000000000264,,ミルリトンカフェ(Mirliton Cafe),新宿,35.68750,139.71950,東京都新宿区富久町16-12,,false,tokyo,新宿御苑前駅そばの隠れ家カフェ。犬同伴は店内1階席に限り可能。,03-6886-7474,,平日11:30〜19:00・土日祝11:30〜21:00(出典記載、要公式確認),,,,,,,,,,,,https://tabelog.com/en/tokyo/A1304/A130402/13203391/,true,,,,店内同伴は1階席のみ(2階・ロフト等は不可)。食べログ英語版の店舗情報欄に明記。,,2026-07-18,,,
beef0000-0000-4000-8000-000000000265,,Cafe du Riche(カフェドリッチェ),新宿,35.70100,139.70000,東京都新宿区大久保1-17-10,,false,tokyo,新大久保・大久保エリアの韓国風カフェ。犬同伴はテラス席に限り可能。,,,平日9:00〜23:30・土日祝9:00〜24:00(L.O.は閉店1時間前。出典記載、要公式確認),,,,,,,,,,,,,false,true,,,,テラス席は間隔が広くカート利用もしやすいと紹介(出典記載)。大型犬可否の明記は出典になし。,2026-07-18,,,
beef0000-0000-4000-8000-000000000266,,In the Garden 135(イン・ザ・ガーデン135),新宿,35.69600,139.68850,東京都新宿区西新宿8-4-17 ホテルローズガーデン新宿1F,,false,tokyo,ホテルローズガーデン新宿1階のテラスレストラン。犬同伴はテラス席に限り可能。,03-3362-0279,,朝食7:00〜10:30(L.O.10:00)・ランチ11:30〜15:00(L.O.14:30)・ティータイム15:00〜17:00(L.O.16:30)・ディナー17:30〜21:30または22:30(曜日により変動。出典記載),,,,,,,,,,,,,false,true,,,,単独出典(petokoto)のみでの確認のため大型犬可否等は要重点確認。公式サイト・現地一次情報では犬同伴に関する記載を確認できなかった。,2026-07-18,,,
beef0000-0000-4000-8000-000000000267,,Dog Cafe & Bar Deco et Deco(デコデコ),新宿,35.70200,139.68700,東京都新宿区北新宿4-8-20 ヴィヤンビル1F,,false,tokyo,北新宿の犬同伴専門カフェ&バー。トイプードルの看板犬「デコポン」店長がいる。,03-6679-4488,,11:30〜21:00(ランチ11:30〜14:30),木曜定休(雪の日・台風の日も休業),,,,,,,,https://decoetdeco.p-kit.com/,,,,true,,,true,,大型犬可否は出典に明記なし(要確認)。,2026-07-18,,,
beef0000-0000-4000-8000-000000000380,,S・E・C GREEN SPRINGS,立川・昭島,35.70360,139.41188,東京都立川市緑町3番1 GREEN SPRINGS 2F,,false,tokyo,GREEN SPRINGS内の緑と芝生に囲まれたテラス席が魅力のフレンチ・イタリアンダイニング。ランチのサラダビュッフェが人気で、テラス席のみ犬同伴可能。,042-519-3560,,平日ランチ11:00〜16:00(L.O.14:30)・ディナー17:00〜22:00(L.O.21:00)・土日祝11:00〜22:00(ランチL.O.14:30・ディナーL.O.21:00),,,,,,,,,https://greensprings.jp/shop/s_e_c/,,,,false,true,,,,テラス席のみ犬同伴可(店内不可),2026-07-18,,,
beef0000-0000-4000-8000-000000000381,,Sestina（セスティーナ）,立川・昭島,35.70360,139.41188,東京都立川市緑町3番1 GREEN SPRINGS 2F,,false,tokyo,GREEN SPRINGS内でジェラートやタルトが楽しめるデザートカフェ。芝生を望むテラス席のみ犬同伴可能(店内は不可)。,042-595-7888,,平日10:00〜19:00・土日祝9:00〜19:00(一部ドリンクのみL.O.18:30),,,,,,,,,https://greensprings.jp/shop/sestina/,,,https://tabelog.com/tokyo/A1329/A132901/13249176/,false,true,,,,テラス席のみ犬同伴可・店内(30席)は不可・注文時はカウンターへ行く必要あり,2026-07-18,,,
beef0000-0000-4000-8000-000000000382,,Rojiura Curry SAMURAI. 立川店,立川・昭島,35.70360,139.41188,東京都立川市緑町3番1 GREEN SPRINGS 2F,,false,tokyo,北海道発祥のスープカレー専門店。GREEN SPRINGSの緑を望むテラス席8席でのみ犬同伴可能。,042-512-8773,,11:00〜21:00(L.O.20:15),,,,,,,,,https://greensprings.jp/shop/samurai/,,,,false,true,,,,テラス席8席のみ犬同伴可・ピーク時は早めの来店推奨,2026-07-18,,,
beef0000-0000-4000-8000-000000000383,,CANTERA（カンテラ）立川店,立川・昭島,35.69718,139.41175,東京都立川市柴崎町2-2-1 KSビル1F,,false,tokyo,立川駅南口すぐのイタリア料理店。大きな石窯で焼く本格ナポリピッツァが人気で、天気の良い日はテラス席のみ犬同伴で利用できる。,042-525-6290,,月〜金11:00〜15:00・17:00〜23:00・土11:00〜23:00・日祝11:00〜22:00,,,,,,,,,https://mothers-place.com/shop/cantera_tachikawa/,,,,false,true,,,,テラス席のみ犬同伴可(樽状テーブル)・混雑時は入店不可の場合あり・事前電話推奨,2026-07-18,,,
beef0000-0000-4000-8000-000000000384,,MOTHERS ORIENTAL,立川・昭島,35.70064,139.41384,東京都立川市曙町2-8-5 シネマシティ1F,,false,tokyo,立川駅北口シネマシティ内のイタリアン・オリエンタルダイニング。テラス席で犬同伴が可能。,042-528-0855,,ブランチ&ディナー[月〜土]11:00〜23:00(L.O.22:00)・[日祝]11:00〜22:00(L.O.21:00),,,,,,,,,https://mothers-place.com/shop/mothers_oriental/,,,,false,true,,,,テラス席のみ犬同伴可(道路に面したテラス席),2026-07-18,,,
beef0000-0000-4000-8000-000000000385,,江戸前 松栄寿司,立川・昭島,35.69282,139.39610,東京都立川市富士見町7-22-14,,false,tokyo,創業45年以上の江戸前寿司店。犬同伴を歓迎しており、小型犬はカウンター席、大きめの犬は座敷席で同伴できる。来店した犬にゆでた血合いをプレゼントするなど犬連れに手厚い老舗。,042-524-6958,,11:30〜22:00(通し営業),木曜定休,,,,,,,,https://syoeizushi.com/,,,,true,,true,true,,小型犬はカウンター席・大きめの犬は座敷席で同伴可・来店犬にゆでた血合いと血合スープを無料提供・誕生月は血合入り卵ケーキ(大型犬用写真あり)・ペットホテル併設,2026-07-18,,,
beef0000-0000-4000-8000-000000000386,,ハーベステラス 昭島アウトドアヴィレッジ店,立川・昭島,35.71664,139.36165,東京都昭島市代官山2-6-1 モリパーク アウトドアヴィレッジ内,,false,tokyo,モンベルがプロデュースするナチュラル・ダイニングカフェ。季節野菜の料理やカリーライス・コーヒー・スイーツが楽しめる。テラス席のみリード着用で犬同伴可能。,042-549-0535,,11:00〜20:30(L.O.19:45),水曜定休,,,,,,,,https://store.montbell.jp/harvesterrace/,,,,false,true,,,,テラス席のみ犬同伴可(リード必須)・施設全体でキャリーまたはカート使用時のみ入店可,2026-07-18,,,
beef0000-0000-4000-8000-000000000300,,MEAT×WINE BISTRO DOMANNAKA,上野・谷根千,35.70950,139.77850,東京都台東区東上野1-13-2 成田第2ビル1F,,false,tokyo,御徒町エリアの肉とワインのビストロ。小型・中型犬は店内同伴可で大型犬は応相談。,,,平日11:30〜14:30・17:00〜23:00／土15:00〜23:00／日祝休業,日曜・祝日定休,,,,,,,,,,,,true,,,,,,2026-07-18,,,
beef0000-0000-4000-8000-000000000301,,Nagi,上野・谷根千,35.71230,139.77900,東京都台東区東上野3-23-5,,false,tokyo,上野駅近くの隠れ家的カフェ。自家焙煎コーヒーとフレンチトーストが人気で、犬は抱っこ・床置き・バッグでの同伴が可能。,070-9153-5161,,8:30〜17:00,不定休,,,,,,,,,,,,true,,,,抱っこ・床置き・バッグ内に限り同伴可(ベビーカー不可),,2026-07-18,,,
beef0000-0000-4000-8000-000000000302,,EVERYONEs CAFE,上野・谷根千,35.71600,139.77450,東京都台東区上野公園8-4号,,false,tokyo,上野恩賜公園内、国立西洋美術館そばの緑に囲まれたカフェ。ペット同伴はテラス席限定。,03-5815-8251,,平日10:00〜21:00(L.O.20:00)／土日9:00〜21:00(L.O.20:00),,,,,,,,,https://shop.create-restaurants.co.jp/0941/,,,,false,true,,,,テラス席のみ同伴可,2026-07-18,,,
beef0000-0000-4000-8000-000000000303,,Le quattro stagioni,上野・谷根千,35.71750,139.77350,東京都台東区上野公園1-59,,false,tokyo,上野恩賜公園内、上野東照宮そばのイタリアンレストラン。店内席に加え、ペットと食事を楽しめるテラス席を用意。,03-3824-0014,,11:00〜20:00(ドリンクL.O.19:30・フードL.O.19:00)※通し営業,無休(年末年始休業あり),,,,,,,,,,,,false,true,true,,,,2026-07-18,,,
beef0000-0000-4000-8000-000000000304,,スターバックスコーヒー上野恩賜公園店,上野・谷根千,35.71590,139.77350,東京都台東区上野公園8-22,,false,tokyo,上野恩賜公園の竹の台広場に面したスターバックス。テラス席69席でペット同伴が可能。,03-5834-1630,,8:00〜21:00,,,,,,,,,https://store.starbucks.co.jp/detail-1087/,,,,false,true,,,,テラス席にリードを結べるポールとペット用クッションを設置(ドッグメニュー・お水サービスはなし)。大型犬可否は出典対立(wankonowaは可・doghuggyは小型犬のみ)・要確認,2026-07-18,,,
beef0000-0000-4000-8000-000000000305,,HAGI CAFE,上野・谷根千,35.72560,139.76690,東京都台東区谷中3-10-25 HAGISO 1F,,false,tokyo,築68年の木造アパートを改装した複合文化施設HAGISO内のカフェ。テラス席のみペット同伴可。,03-5832-9808,,モーニング8:00〜10:30／火水木12:00〜17:00／金土日12:00〜20:00,月曜・第2火曜定休,,,,,,,,https://hagiso.com/hagiso/,,,,false,true,,,,,2026-07-18,,,
beef0000-0000-4000-8000-000000000306,,GRAPHY NEZU CAFE&LOUNGE,上野・谷根千,35.71960,139.76580,東京都台東区池之端4-5-10 HOTEL GRAPHY根津 1F,,false,tokyo,ホテルグラフィー根津1階のカフェ&ラウンジ。ワンちゃんと一緒に過ごせるテラス席を完備。,,,モーニング7:30〜11:00(L.O.10:30)／ランチ11:00〜17:00(L.O.16:30)／ディナー17:00〜21:30(L.O.21:00),無休,,,,,,,,https://hotelgraphy-nezu.foodre.jp/,,,,,true,,,,,2026-07-18,,,
beef0000-0000-4000-8000-000000000307,,サクラカフェ&レストラン日暮里(SAKURA CAFE),上野・谷根千,35.72680,139.77000,東京都文京区千駄木3-43-15 サクラホテル日暮里 1F,,false,tokyo,サクラホテル日暮里に隣接する24時間営業の国際色豊かなカフェ&レストラン。店内・テラスとも犬・猫同伴可能。,,,24時間営業,,,,,,,,,,,,,true,true,,,,猫も同伴可・ワンちゃん用のお水を用意,2026-07-18,,,
beef0000-0000-4000-8000-000000000640,,Mr.FARMER 駒沢オリンピック公園店,駒沢・桜新町,35.62130,139.66360,東京都世田谷区駒沢公園1-1-2,03-5432-7062,false,tokyo,駒沢オリンピック公園内にあるパンケーキが評判のカフェ&レストラン。テラス席で犬同伴が可能で大型犬もOK。,03-5432-7062,,7:00〜21:00(L.O.19:45),,,,,,,,,https://mr-farmer.jp/,,,,false,true,true,,,テラス席限定(店内は不可),2026-08-05,,,
beef0000-0000-4000-8000-000000000641,,駒沢食堂george,駒沢・桜新町,35.63200,139.66330,東京都世田谷区駒沢1-3-1 2F,,false,tokyo,駒沢大学駅と駒沢公園の中間に位置するニューヨークスタイルのカジュアルダイニング。2階テラス席で犬同伴が可能で大型犬もOK。,,,11:00〜23:00(L.O.22:00),無休,,,,,,,,http://georgegeorge.co.jp/komazawa/,,,,false,true,true,,,リード必須・椅子やテーブルにペットを乗せる行為は禁止・1組4匹以上の同伴は不可・雨天時はクローズの場合あり,2026-08-05,,,
beef0000-0000-4000-8000-000000000642,,KOMAZAWA PARK CAFE,駒沢・桜新町,35.62030,139.66280,東京都世田谷区深沢2-19-20 クレードル駒沢公園,,false,tokyo,駒沢公園から徒歩1分、クレードル駒沢公園内にある開放的なカフェ。店内窓側の席で犬同伴が可能で大型犬もOK。,,,平日8:00〜18:00・土日祝8:00〜19:00,,,,,,,,,,,,,true,,true,,,店内は窓側の席のみ犬同伴可・カフェマット持参必須・ペットへのおやつ提供は禁止(水提供あり),2026-08-05,,,
beef0000-0000-4000-8000-000000000643,,Bowery Kitchen,駒沢・桜新町,35.62650,139.65900,東京都世田谷区駒沢5-18-7,,false,tokyo,駒沢公園西口近くのアメリカンダイニング&バー。店内の一部の席で犬同伴が可能で大型犬もOK。,,,月〜金11:00〜23:00・土日祝10:00〜23:00,,,,,,,,,https://www.instagram.com/bowerykitchen_komazawa/,,,,true,,true,,,店内は一部の席のみ犬同伴可,2026-08-05,,,
beef0000-0000-4000-8000-000000000644,,MIO,駒沢・桜新町,35.63000,139.66050,東京都世田谷区駒沢4-12-22 ティファーレ駒沢 1F,03-6326-2989,false,tokyo,駒沢公園から徒歩圏内のカジュアルイタリアン。店内・テラスとも犬同伴が可能で大型犬もOK。,03-6326-2989,,月〜日11:30〜15:00(L.O.14:15)・18:00〜22:00(L.O.21:00),,,,,,,,,,,,https://tabelog.com/tokyo/A1317/A131707/13161648/,true,true,true,,,カートでの入店も可能だが混雑時は犬の頭数・カートの有無により入店を断られる場合があるため予約時の事前確認を推奨,2026-08-05,,,
beef0000-0000-4000-8000-000000000645,,クリスプ・サラダワークス駒沢公園店,駒沢・桜新町,35.62550,139.65650,東京都世田谷区駒沢5-25-5 1F,,false,tokyo,サラダ専門店クリスプ・サラダワークスの駒沢公園店。店内一部とテラス席で犬同伴が可能で大型犬もOK。,,,11:00〜21:00,無休,,,,,,,,https://crisp.co.jp/,,,,true,true,true,,,店内は一部席のみ犬同伴可・テラス席の壁にリードフックを設置,2026-08-05,,,
beef0000-0000-4000-8000-000000000646,,ステーキハウス ニューテキサス,駒沢・桜新町,35.63050,139.66080,東京都世田谷区駒沢4-11-11 茜ビル1F,,false,tokyo,駒沢のステーキハウス。店内で犬同伴が可能で大型犬もOK(要事前確認)。,,,月・水〜日17:00〜23:00,火曜定休,,,,,,,,,@newtexas_master,,https://tabelog.com/tokyo/A1317/A131707/13042378/,true,false,true,true,大型犬は要事前確認,ワンちゃん用のお肉サービスあり,2026-08-05,,,https://www.instagram.com/p/DZzBBK1FBgh/
beef0000-0000-4000-8000-000000000647,,YELLOW KOMAZAWA KOEN,駒沢・桜新町,35.62680,139.65850,東京都世田谷区駒沢5-19-10,,false,tokyo,駒沢のガラス戸内席が特徴のカフェ。店内の一部席で犬同伴が可能で大型犬もOK。,,,8:00〜19:00,月曜定休,,,,,,,,,@yellowkomazawakoen,,,true,,true,,,店内はガラス戸内の一部席のみ犬同伴可,2026-08-05,,,https://www.instagram.com/p/DaASN56viq_/
beef0000-0000-4000-8000-000000000648,,プリティシングス,駒沢・桜新町,35.62580,139.65680,東京都世田谷区駒沢5-24-5 中島ビル,,false,tokyo,駒沢のコーヒースタンド。店内・テラスとも犬同伴が可能で大型犬もOK。,,,9:00〜21:00,不定休,,,,,,,,,@prettythingscoffee,,,true,true,true,,,,2026-08-05,,,https://www.instagram.com/p/Da2BXyMSCzw/
beef0000-0000-4000-8000-000000000649,,rice cafe,駒沢・桜新町,35.63450,139.66650,東京都世田谷区上馬4-5-5,,false,tokyo,駒沢大学駅から徒歩1〜2分のカフェ。店内全席で犬同伴が可能で大型犬もOK・看板犬もいる。,,,月〜日11:00〜23:00(L.O.22:30),,,,,,,,,http://ricecafe.jellybean.jp/,,,,true,,true,,,店内は全席犬同伴可(小型〜大型犬)・看板犬「アイビーちゃん」がいる,2026-08-05,,,
beef0000-0000-4000-8000-000000000720,,大衆イタリアン酒場 煙-kemuri-,経堂・千歳船橋,35.64880,139.63710,東京都世田谷区経堂1-5-10 ヴィラフォレスト経堂1F,,false,tokyo,経堂の路地裏にある大衆イタリアン酒場。テラス席で犬と食事を楽しめると紹介されている。,03-5451-8800,,月〜金17:00〜24:00(L.O.23:00)・土12:00〜24:00(L.O.23:00)・日12:00〜23:00(L.O.22:00)※祝前日は17:00〜23:00・祝日は12:00〜23:00,,,,,,,,,https://gg7z310.gorp.jp/,,,https://tabelog.com/tokyo/A1318/A131813/13302988/,,true,,,,テラス席は犬同伴可と店の公式ページに記載(店内の可否は明記なし・詳細は要問合せ),2026-08-05,,,
beef0000-0000-4000-8000-000000000721,,マホラ食堂,経堂・千歳船橋,35.64850,139.63680,東京都世田谷区経堂1-4-11,,false,tokyo,経堂農大通り沿いの隠れ家的スペインバル。1階の立ち飲みスペースで犬同伴が可能。,03-6875-9295,,"月・金17:00〜23:30(料理L.O.22:00)・火17:00〜23:30(料理L.O.22:00)・木12:00〜14:00,17:00〜23:30(料理L.O.22:00)・土日祝16:00〜23:30(料理L.O.22:00)",水曜定休,,,,,,,,,,,https://tabelog.com/tokyo/A1318/A131813/13225988/,true,,,,,ペットは1階(立ち飲みスペース)のみ利用可・2階テーブル席は不可,2026-08-05,,,
beef0000-0000-4000-8000-000000000722,,串カツ田中 経堂店,経堂・千歳船橋,35.64950,139.63730,東京都世田谷区経堂1-21-21,,false,tokyo,大阪発の串カツ居酒屋チェーンの経堂店。犬同伴時のマナールールを明示したうえで受け入れている。,03-6413-9344,,月〜金17:00〜2:00(L.O.1:15)・土日祝12:00〜2:00(L.O.1:15),ほぼ無休,,,,,,,,,,,https://tabelog.com/tokyo/A1318/A131813/13221612/,true,,,,,洋服の着用必須・おやつ持込可(ご飯持込不可)・人間用食器や料理の共用禁止・1名につき最大2匹まで・当日の状況により入店をお断りする場合あり,2026-08-05,,,
beef0000-0000-4000-8000-000000000723,,リゴレッティーノ,経堂・千歳船橋,35.65200,139.63600,東京都世田谷区宮坂3-12-8 経堂鈴木マンションB1F,,false,tokyo,経堂すずらん通り奥にある本格イタリアン。ペットOKなテラス席を完備。,03-3439-1786,,ランチ12:00〜13:00(L.O.)・ディナー18:00〜20:00(L.O.)・完全予約制,"水曜・第1,3火曜定休(月により変動あり)",,,,,,,,https://rigolettino.com/,,,https://tabelog.com/tokyo/A1318/A131813/13031998/,,true,,,,ペット可能なテラス席は冷暖房設備がないため季節の良い時期のみ利用可,2026-08-05,,,
beef0000-0000-4000-8000-000000000724,,カボスオジサン,経堂・千歳船橋,35.64680,139.62420,東京都世田谷区桜丘2-29-14 林ビル1F,,false,tokyo,千歳船橋駅南口すぐの立ち飲み居酒屋。1階の立ち飲み席で犬同伴が可能。,050-5872-6272,,17:00〜0:30(料理L.O.23:30・ドリンクL.O.0:00),,,,,,,,,,,,https://tabelog.com/tokyo/A1318/A131813/13324483/,true,,,,,1階立ち飲み席で犬同伴可(詳細は要問合せ),2026-08-05,,,
beef0000-0000-4000-8000-000000000725,,cure(キュア) 千歳船橋店,経堂・千歳船橋,35.64600,139.62200,東京都世田谷区桜丘5-20-12,,false,tokyo,千歳船橋駅南口近くのダイニングバー。テラス席限定で犬同伴が可能。,03-5799-6430,,"月・水〜日11:30〜15:30(L.O.15:00),17:30〜23:00(L.O.22:30)",火曜定休,,,,,,,,https://yama-sen.jp/,,,,false,true,,,,テラス席限定(店内は不可),2026-08-05,,,
beef0000-0000-4000-8000-000000000726,,Connect Kitchen,経堂・千歳船橋,35.64780,139.62350,東京都世田谷区船橋1-1-17,,false,tokyo,千歳船橋の夫婦経営イタリアン。1席限定・予約制のテラス席で犬同伴が可能。,03-6755-2989,,火〜日・祝17:30〜23:00,月曜定休,,,,,,,,,,,https://tabelog.com/tokyo/A1318/A131813/13173244/,false,true,,,,テラス席は1席のみ・要予約(店内不可),2026-08-05,,,
beef0000-0000-4000-8000-000000000660,,Cafe＆Gallery Roomer,成城・祖師ヶ谷大蔵,35.64604,139.60935,〒157-0072 東京都世田谷区祖師谷1-34-5,,false,tokyo,祖師ヶ谷大蔵駅そばの路地裏にあるギャラリー併設カフェ。犬用おやつも扱うドッグフレンドリーな店で、全22席が犬同伴対応。,03-3484-7254,,金〜日 11:30〜18:00,月〜木・祝定休(不定休あり・要スケジュール確認),,,,,,,,https://www.roomer.jp/,,,https://tabelog.com/tokyo/A1318/A131814/13060270/,true,true,true,true,,全22席が犬同伴対応(小型・中型・大型犬すべてOK)。お水提供・リードフック席あり。犬用の天然酵母パン・おやつの販売あり。,2026-08-05,,,
beef0000-0000-4000-8000-000000000661,,F*GICCO by F.gohan(エフジッコ バイ エフゴハン),成城・祖師ヶ谷大蔵,35.6362,139.599,〒157-0066 東京都世田谷区成城2-12-11 石井ビル1F,,false,tokyo,成城学園前駅から南へ徒歩数分の一軒家カフェ。各国の家庭料理と手作りケーキを提供し、週末には生演奏ライブも開催。,03-6411-8638,,水・木: ランチ&ケーキ／金: ランチ&ケーキ・ライブ／土: 通常営業またはライブ／日: ランチ&ケーキ,月・火定休,,,,,,,,http://www.vanal.com/f/,,,https://tabelog.com/tokyo/A1318/A131814/13149948/,true,,,,,店内に小型犬(トイプードル・ポメラニアン等)を複数同伴した実績を来店者が報告。大型犬・テラスに関する記載はなし。ライブ開催日は同伴可否が変わる場合があるとの紹介もあり(来店前の確認推奨)。,2026-08-05,,,
beef0000-0000-4000-8000-000000000662,,Set Lip 成城店(セットリップ),成城・祖師ヶ谷大蔵,35.64093,139.60106,東京都世田谷区成城6-3-14,,false,tokyo,成城学園前駅北口近くのスパニッシュ&イタリアンバル。全30席中4席のテラス席のみ犬同伴が可能。,03-6411-3738,,11:00〜15:00・17:00〜22:00,無休,,,,,,,,https://www.setlip.com/seijo,@setlip_seijo,,https://tabelog.com/tokyo/A1318/A131814/13127047/,,true,,,テラス4席限定,テラス席は基本的に当日予約制。雨天や強風の日はテラス席が使えないことがある。,2026-08-05,,,https://www.instagram.com/p/DaE9bOJBvB5/
beef0000-0000-4000-8000-000000000663,,祖師谷バル haracucci(ハラクッチ),成城・祖師ヶ谷大蔵,35.6395,139.6088,〒157-0073 東京都世田谷区砧8-3-10,,false,tokyo,祖師ヶ谷大蔵駅南口・ウルトラマン商店街近くのイタリアンバル。ウッドテラス席限定で犬同伴が可能。,03-6753-0609,,平日ランチ11:30〜15:00(L.O.14:30)・ディナー18:00〜23:00(L.O.22:00)/土日12:00〜23:00(通し営業・L.O.22:00),月曜定休・木曜はランチ休み,,,,,,,,https://haracucci.wixsite.com/haracucci,@haracucci,,https://tabelog.com/tokyo/A1318/A131814/13160027/,,true,,,,ウッドテラス全6席が犬同伴可(夏場は増席あり)。トイレ・無駄吠えのしつけが必要。テラスは喫煙可のため他客の喫煙に注意。冬季はビニールカーテン・ストーブで防寒対応。,2026-08-05,,,
beef0000-0000-4000-8000-000000000664,,Italian Kitchen VANSAN 祖師ヶ谷大蔵店,成城・祖師ヶ谷大蔵,35.64342,139.60818,〒157-0072 東京都世田谷区祖師谷3-32-3,,false,tokyo,祖師ヶ谷大蔵駅近くのイタリアンチェーン店。生パスタと石窯ピザが人気で、公式にペット同伴可の案内がある。,03-5429-2073,,11:00〜23:00(ランチ11:00〜15:00),,,,,,,,,https://vansan-ltd.jp/vansan/vansan-soshigayaookura/,,,https://tabelog.com/tokyo/A1318/A131814/13188268/,,true,,,,公式店舗ページは設備欄に「ペット同伴可」とのみ記載(店内・テラスの区分の明記なし)。外部の犬お出かけ紹介サイトはテラス席限定での犬同伴を案内。,2026-08-05,,,
beef0000-0000-4000-8000-000000000665,,Trattoria Monolito(トラットリア モノリート),成城・祖師ヶ谷大蔵,35.643151,139.610936,東京都世田谷区砧6-14-5,,false,tokyo,祖師ヶ谷大蔵駅から徒歩3分の南イタリア料理店。空調完備の「室内テラス」席限定で犬同伴が可能。,03-6411-0220,,,,,,,,,,,https://trattoria-monolito.com/,@trattoria___monolito,,https://tabelog.com/tokyo/A1318/A131814/13273756/,,true,,,室内テラスのみ(4名掛け1卓+2名掛け2卓),室内テラス席は空調完備で通年快適に利用可能。大型犬に関する記載はなし。,2026-08-05,,,https://www.instagram.com/p/Dbe-PU8Tr1D/
beef0000-0000-4000-8000-000000000666,,as is to be{ART and CAFE},成城・祖師ヶ谷大蔵,35.634835,139.612169,東京都世田谷区砧3-4-2 1・2F,,false,tokyo,世田谷区砧のアート&カフェ。愛犬の似顔絵など犬モチーフの展示・グッズを扱い、店内で犬と食事を楽しめる。,090-8284-6028,,10:00〜18:00,月・火曜定休,,,,,,,,,@as.is_to.be_artandcafe,https://x.com/astb_artdogcafe,https://tabelog.com/tokyo/A1318/A131814/13293797/,true,,,,,店内に愛犬を連れて入店可能と紹介記事に記載(階の区分は出典に明記なし・単独出典)。大型犬・テラスに関する記載はなし。,2026-08-05,,,
beef0000-0000-4000-8000-000000000700,,CAFE TORA(カフェトラ),等々力・尾山台,35.60500,139.66000,〒158-0083 東京都世田谷区奥沢6丁目13-5,,false,tokyo,九品仏駅近くの一軒家カフェ。レストラン「KOST」とパティスリー「Aile」の姉妹店で、小型犬に限り店内に同伴できる。,03-3701-3003,,ランチ/カフェ 木〜月11:00〜16:00・火水10:00〜16:00/ディナー 木〜月17:00〜22:00(L.O.21:00),定休日なし,,,,,,,,https://www.kost.jp/tora/,,,,true,true,false,,小型犬(10kg未満)のみ店内同伴可・ペットカートは1組1台程度,無駄吠え・威嚇が強い場合はテラス席への移動をお願いする場合あり,2026-08-05,,,
beef0000-0000-4000-8000-000000000701,,HANAKADO(ハナカド),等々力・尾山台,35.60350,139.65350,東京都世田谷区尾山台3-10-8,,false,tokyo,尾山台のハッピーロード沿いにある和モダンカフェ。畳のベンチ席がある店内に愛犬と同伴でき、愛犬用フードも用意している。,090-4173-4736,,8:00〜18:00,木曜定休,,,,,,,,,@hanakado2023,,https://tabelog.com/tokyo/A1317/A131715/13293227/,true,,,true,,,2026-08-05,,,https://www.instagram.com/p/DbaFUYwD0hw/
beef0000-0000-4000-8000-000000000702,,RITUEL 等々力店(リチュエル),等々力・尾山台,35.59400,139.64900,東京都世田谷区等々力7-4-19,,false,tokyo,フランス仕込みの製法にこだわるベイクルーズグループのベーカリーカフェ。外のテラス(入口のソファー席)で犬同伴が可能。,03-5752-0666,,平日9:00〜20:00(L.O.19:00)・土日祝8:00〜20:00(L.O.19:00),,,,,,,,,,,,https://tabelog.com/tokyo/A1317/A131715/13279523/,,true,,,,店内可否は出典に記載なし。テラス(入口ソファー席)はOZmallの口コミ由来。寒い季節はストーブを設置。,2026-08-05,,,
beef0000-0000-4000-8000-000000000703,,haluuu(ハルー),等々力・尾山台,35.60550,139.64950,東京都世田谷区等々力2-38-27 岩田ビル1F,,false,tokyo,等々力渓谷の入口近くにあるフルーツサンド専門店。店外のベンチ席とリードフックに限り愛犬と一緒に立ち寄れる。,,,平日7:30〜16:30(水曜のみ10:30〜)・土日祝7:30〜18:00,,,,,,,,,,@haluuu__official,,https://tabelog.com/tokyo/A1317/A131715/13257869/,false,true,,,,店外のベンチ席(リードフック3箇所)のみ利用可・店内不可,2026-08-05,,,https://www.instagram.com/reel/DVat1CNE9xZ/
beef0000-0000-4000-8000-000000000704,,雪月花,等々力・尾山台,35.60100,139.65200,東京都世田谷区等々力1-22-47(満願寺・等々力不動尊隣接),,false,tokyo,等々力渓谷・等々力不動尊に隣接する茅葺き屋根の甘味処。テラス席に限り愛犬と同伴できる。,03-3705-8137,,平日11:00〜16:00・土日祝10:30〜16:00(L.O.15:30)。冬季(12月第3月曜〜3月中旬)は土日祝のみ営業,,,,,,,,,,,,https://tabelog.com/tokyo/A1317/A131715/13050154/,false,true,,,,食べログのサービス欄に「ペット可」の記載あり(テラス席限定),2026-08-05,,,
beef0000-0000-4000-8000-000000000705,,庭cafe443 in Todoroki,等々力・尾山台,35.60500,139.65000,〒158-0091 東京都世田谷区中町2-1-13,,false,tokyo,等々力駅近くのお庭カフェ。テラス席に限り愛犬と一緒に過ごせ、ペット用の洗濯機・乾燥機も併設している。,03-6432-2036,,4〜11月 全日8:00〜17:00/12〜3月 水木金9:00〜17:00・土日祝8:00〜17:00,,,,,,,,,https://niwacafe443.com/,,,,false,true,,,,テラス席限定。ペット用洗濯機(700円)・乾燥機(8分100円)を併設,2026-08-05,,,
beef0000-0000-4000-8000-000000000680,,グリル&ダイニング用賀倶楽部,用賀・砧,35.64700,139.63200,東京都世田谷区玉川台2-17-16 世田谷マイスターハウス1F,,false,tokyo,用賀駅北口近くの住宅街にある一軒家風のダイニング。テラス席とダイニングスペースの一部で犬同伴が可能。,03-3708-8301,,11:00〜15:30(L.O.14:30)・17:00〜22:00(L.O.21:00),火曜定休,,,,,,,,https://yoga-club.jp/,,,,true,true,true,,,店内は入口側の指定テーブル(8テーブル28席)のみ・サロンスペースは犬不可・ヒート中の犬は不可,2026-08-05,,,
beef0000-0000-4000-8000-000000000681,,cafe Crumpets,用賀・砧,35.62700,139.63400,東京都世田谷区中町5-31-8,,false,tokyo,矢沢川沿いの住宅街にあるイギリス菓子と軽食のカフェ・レストラン。店内・テラスとも大型犬まで同伴可能。,03-3705-5444,,11:30〜18:00,火・水曜定休,,,,,,,,https://www.cafecrumpets.com/,,,,true,true,true,,,犬用メニューの有無は出典間で記載が食い違うため未記載(空欄),2026-08-05,,,
beef0000-0000-4000-8000-000000000682,,Cafe and Dining Paco,用賀・砧,35.63900,139.62700,東京都世田谷区用賀3-5-10 2F,,false,tokyo,用賀駅から徒歩9分・雑居ビル2階の和洋折衷ダイニングカフェ。店内で犬同伴の食事が楽しめる。,03-6432-7312,,11:30〜14:30(L.O.14:00)・17:30〜23:00(L.O.22:30),火曜定休,,,,,,,,,,,,true,,,,,,2026-08-05,,,
beef0000-0000-4000-8000-000000000683,,NISHIann cafe(西庵カフェ),用賀・砧,35.62500,139.63700,東京都世田谷区岡本1-6-12,,false,tokyo,岡本の緑豊かな庭を望む一軒家のそば処カフェ。テラス席で犬同伴が可能(店内可否の記載はなし)。,03-3708-8516,,11:00〜18:00(売り切れ次第終了),月・火・水曜定休(8月・年末年始も休業),,,,,,,,,https://www.instagram.com/nishiann.cafe/,,,,true,,,,,2026-08-05,,,https://www.instagram.com/p/DbdOs4Uzv8w/
beef0000-0000-4000-8000-000000000684,,SeTaBi Cafe(セタビカフェ),用賀・砧,35.63400,139.61800,東京都世田谷区砧公園1-2 世田谷美術館地下1階,,false,tokyo,砧公園内・世田谷美術館地下1階のカフェ。噴水を望むテラス席(20席)で犬同伴が可能(美術館内はペット入場不可)。,03-3416-2250,,10:00〜18:00(L.O.17:30),月曜定休(祝休日の場合は営業・翌平日休),,,,,,,,https://www.setagaya.co.jp/setabi/,,,,,true,,,,美術館館内はペット入場不可・テラス席のみ利用可,2026-08-05,,,
beef0000-0000-4000-8000-000000000685,,タパス&タパス 用賀店,用賀・砧,35.64300,139.63100,東京都世田谷区用賀4-9-7 ARUIGUSビル1F,,false,tokyo,用賀駅南口徒歩2分の南欧料理店。テラス席のみ犬同伴可・店内は不可。,03-3708-7033,,11:30〜15:00(L.O.14:30)・17:00〜22:00(L.O.21:30),,,,,,,,,,https://www.instagram.com/tapas_youga/,,,false,true,,,,店外(テラス)のみ犬同伴可・リード必須,2026-08-05,,,https://www.instagram.com/p/DYrtlUdGbsG/
beef0000-0000-4000-8000-000000000686,,サザンダイニング用賀店,用賀・砧,35.64350,139.63000,東京都世田谷区用賀4-4-8 第二福島ビル1F,,false,tokyo,用賀駅南口徒歩1分のイタリアンレストラン。テラス席限定で犬同伴が可能・大型犬もOK。,03-3707-3315,,11:00〜15:00(料理L.O.14:30)・17:00〜22:00(料理L.O.21:00),,,,,,,,,,,,,false,true,true,,,テラス席(4テーブル)のみ犬同伴可・全犬種OK,2026-08-05,,,
beef0000-0000-4000-8000-000000000840,,Aoi Coffee Stand,五反田・大崎,35.62471,139.72432,東京都品川区西五反田1-9-3 リバーライトビルB1F(ホテルロイヤルオーク内),090-1819-4830,false,tokyo,五反田駅西口すぐ、ホテル内にある隠れ家的なコーヒースタンド。ドッグカフェとして展開してはいないが、犬同伴での利用ができる。,090-1819-4830,,平日18:00〜(ラストオーダーまで),日・祝定休,,,,,,,,,,,https://tabelog.com/tokyo/A1316/A131603/13142228/,true,true,,,,店内可否・大型犬可否の記載が出典間で分かれる(itsumo.dogは店内OK・大型犬OKと明記、doghuggyの五反田紹介記事はテラス席のみ可と記載)。要個別確認。※itsumo.dog出典は2年以上未更新の可能性（要現地再確認）,2026-08-06,,,
beef0000-0000-4000-8000-000000000841,,TRATTORIA ARIETTA（トラットリア アリエッタ）,五反田・大崎,35.62544,139.72803,東京都品川区東五反田2-5-2 アリエッタビル1F,03-5791-2466,false,tokyo,五反田駅徒歩4分のイタリアン。店先の屋根付きオープンテラス席に限り犬同伴が可能。,03-5791-2466,,月〜金 ランチ11:30〜15:30(L.O.15:00)・ディナー17:30〜23:00(L.O.22:00) / 土日祝 ランチ11:30〜15:30(L.O.15:00)・ディナー17:00〜23:00(L.O.22:00),年中無休,,,,,,,,,,,,false,true,,,,屋根付きテラスのため雨天も利用可(空調・暖房完備)。喫煙席もあるため要確認,2026-08-06,,,
beef0000-0000-4000-8000-000000000842,,Restaurant Perfumes（レストランパフューム）,五反田・大崎,35.62987,139.72696,東京都品川区東五反田4-7-29 NK五反田ビル1F,,false,tokyo,五反田駅徒歩7分のフレンチレストラン。ランチはテラス席、ディナーは個室限定で犬同伴が可能。,,,レストラン11:30〜14:00(L.O.)・17:30〜23:00(L.O.21:00)/カフェ11:30〜23:00(L.O.21:30),月曜・第2第4火曜定休,,,,,,,,http://lesperfumes.com/,,,,true,true,,,,ランチはテラス席、ディナーは個室限定で犬同伴可能(通常の店内客席は不可),2026-08-06,,,
beef0000-0000-4000-8000-000000000843,,EARTH CAFE 五反田店（アースカフェ）,五反田・大崎,35.62795,139.72223,東京都品川区東五反田5-22-33 TK池田山ビル1F,,false,tokyo,トリミングサロン併設の美容室系カフェ。リード着用を条件に店内で犬と食事ができる。,,,月〜土11:00〜21:00(L.O.20:00)・日祝11:00〜19:00(L.O.18:00),,,,,,,,,http://cafe-earth.com/index.php?id=23,,,,true,,,,,リード必須。出典により小型犬限定との記載もあり、中大型犬の可否は要確認,2026-08-06,,,
beef0000-0000-4000-8000-000000000844,,MAISON KAYSER 五反田店,五反田・大崎,35.62531,139.72693,東京都品川区東五反田2-10-1 パークタワーグランスカイ1F,03-6450-3705,false,tokyo,フランス発ブーランジェリーの五反田店。店先のオープンテラス席で犬同伴のイートインができる。,03-6450-3705,,8:00〜20:00,年中無休,,,,,,,,https://maisonkayser.jp/brands/bakery/167/,,,,,true,,,,店先のオープンテラスでの同伴に関する記載のみ(店内可否は出典に記載なし)。単独出典のため要重点検証,2026-08-06,,,
beef0000-0000-4000-8000-000000000845,,串カツ田中 東五反田店,五反田・大崎,35.62656,139.72739,東京都品川区東五反田3-16-44,,false,tokyo,大阪発の串カツ居酒屋チェーン東五反田店。服を着用していれば犬と店内同伴ができる。,,,,,,,,,,,,,,,,true,,,false,,服の着用が条件で店内同伴可。おやつの持ち込みは可(食事の持ち込み不可)。詳細ルールは公式サイト要確認。単独出典のため要重点検証,2026-08-06,,,
beef0000-0000-4000-8000-000000000846,,さみしがりや酒房ささ,五反田・大崎,35.62446,139.72380,東京都品川区西五反田1-12-1 五反田桜小路,,false,tokyo,東急池上線ガード下の飲食店街「五反田桜小路」にある居酒屋。外席(テラス)に限り犬と同伴でき、ドッグメニューも用意する。,,,17:00〜翌2:00,日曜定休,,,,,,,,,,,,false,true,,true,,ドッグメニューあり(良質ささみの無塩ボイル)。リード必須。単独出典のため要重点検証,2026-08-06,,,
beef0000-0000-4000-8000-000000000847,,BON Cafe（ボンカフェ）,五反田・大崎,35.61641,139.72612,東京都品川区西品川3-7-3 1F,,false,tokyo,大崎駅徒歩5分、保護犬支援活動を行うペット可カフェ。犬のほか猫やうさぎ等も同伴でき、2階では譲渡会等のイベントも開催する。,,,平日11:00〜18:00(金曜のみ〜22:00),月・火曜定休,,,,,,,,,@bon_coffeetea,,,true,,,,,保護犬の預かりボランティア・譲渡会を行う。将来的に犬用メニュー開発も予定。2022年末に既存のペット可カフェ物件を継承してオープン,2026-08-06,,,https://www.instagram.com/p/CouL2hjPJSY/
beef0000-0000-4000-8000-000000000848,,グリルハーベスター 大崎ブライトコア店,五反田・大崎,35.62189,139.73120,東京都品川区北品川5-5-15 大崎ブライトコア1F,050-5485-7586,false,tokyo,大崎駅徒歩5分、大崎ブライトコア内の石窯ピッツァが名物のイタリアン。テラス席に限り犬と同伴できる。,050-5485-7586,,,,,,,,,,,,,,,false,true,,false,,犬用メニューなし,2026-08-06,,,
beef0000-0000-4000-8000-000000000849,,Aloha Table 大崎店,五反田・大崎,35.62189,139.73120,東京都品川区北品川5-5-15 大崎ブライトコア1F,,false,tokyo,大崎ブライトコア内のハワイアンダイニング。パラソル付きのテラス席に限り犬と同伴できる。,,,平日11:30〜15:00・17:00〜22:00/土日祝11:00〜22:00,年中無休(気象等により臨時休業の場合あり),,,,,,,,https://osaki.alohatable.com/,,,,false,true,,,,パラソル付きテラス席が犬同伴可能エリア,2026-08-06,,,
beef0000-0000-4000-8000-000000000850,,バンコク食堂 ポーモンコン,五反田・大崎,35.62241,139.72455,東京都品川区大崎5-7-14 五反田ロイヤルハイツ105-2,03-6417-9778,false,tokyo,大崎警察署向かいのタイ料理店。座席は一部に限られるが店内でも犬と同伴でき、緑のあるテラス席もある。,03-6417-9778,,月水〜日11:30〜15:00(L.O.14:30)・17:00〜22:00(L.O.21:00),火曜定休,,,,,,,,,@bkk_phomongkhon,,https://tabelog.com/tokyo/A1316/A131603/13211076/,true,true,,false,,店内同伴可能だが座席は一部に限定。単独出典のため要重点検証,2026-08-06,,,https://www.instagram.com/p/DBKttn_STd9/
beef0000-0000-4000-8000-000000000900,,神楽坂ワインスタンド et du vin（エデュヴァン）,神楽坂・飯田橋,35.70525,139.73552,東京都新宿区赤城元町4-11 米田ビル1階 Peanuts Club内,,false,tokyo,愛犬と一緒に過ごせるコンセプトのワインスタンド。犬の保育園やトリマーが併設され、犬用の手作りメニューも提供する。,,,平日17:00〜22:00 / 土15:00〜21:00 / 日祝13:00〜18:00,不定休,,,,,,,,,@etduvin_winestand,,https://tabelog.com/tokyo/A1309/A130905/13295347/,true,,,true,小型・中型犬中心（大型犬の記載なし）,犬の保育園・トリマー常駐。マナーウェア着用必須（公式発表による）。,2026-08-06,,,https://www.instagram.com/p/DHCxUCuTwjO/
beef0000-0000-4000-8000-000000000901,,CANAL CAFE（カナルカフェ）,神楽坂・飯田橋,35.70007,139.74207,東京都新宿区神楽坂1-9,03-3260-8068,false,tokyo,神楽坂の外堀（お堀）沿いに建つイタリアンレストラン。水辺のデッキサイド・テラス席で犬と食事ができる。,03-3260-8068,,,,,,,,,,,https://www.canalcafe.jp/,,,,false,true,,,,デッキサイド／レストランサイドのテラス席のみ犬同伴可（店内は不可）。リードは短めに、水辺のため要注意。事前連絡推奨。,2026-08-06,,,
beef0000-0000-4000-8000-000000000902,,メゾン・ド・ラ・ブルゴーニュ（Maison de la Bourgogne）,神楽坂・飯田橋,35.70101,139.73962,東京都新宿区神楽坂3-6-5,,false,tokyo,神楽坂の人気フレンチレストラン。ビニールシートで囲われ暖房付きのテラス席で犬同伴可。,,,月〜木11:30〜15:00・18:00〜23:00 / 金11:30〜15:00・18:00〜翌2:00 / 土日祝11:30〜16:30・18:00〜23:00,,,,,,,,,,,,,false,true,,,,テラス席はビニールシートで囲われ暖房・ブランケット完備。テラス席指定の事前予約が望ましい。,2026-08-06,,,
beef0000-0000-4000-8000-000000000903,,神楽坂 ラクレット&フォンデュ フロマティック（Fromatique）,神楽坂・飯田橋,35.70128,139.74200,〒162-0825 東京都新宿区神楽坂2-10-23,03-3267-1717,false,tokyo,チーズ料理（ラクレット・フォンデュ）専門のフレンチレストラン。屋根付きテラス・ガーデン席で犬同伴可、店内は不可。,03-3267-1717,,ランチ11:30〜15:00(LO14:00) / ディナー17:30〜22:00(LO21:00) / カフェ13:00〜17:30(土日祝のみ),年中無休,,,,,,,,https://www.fromatique.jp/,@fromatique,,,false,true,,,,テラス・ガーデン席は屋根とヒーターあり（雨天時は利用不可）。店内は犬不可。テラスでは犬に飲み水サービスあり。,2026-08-06,,,https://www.instagram.com/p/C3aB4hMycAo/
beef0000-0000-4000-8000-000000000904,,Cafe&Bistro Shelty,神楽坂・飯田橋,35.70030,139.73947,東京都新宿区若宮町12-4 フィルパーク神楽坂若宮1F,,false,tokyo,神楽坂の閑静な住宅街にある一軒家カフェ&ビストロ。店内・テラスともに犬同伴可で人気。,,,月・水〜金11:30〜15:00・18:00〜22:00 / 土11:30〜22:00 / 日祝11:30〜18:00,火曜定休,,,,,,,,,@shelty_cafe,,,true,true,,,,店内・テラスともに犬同伴可。繁忙期はカート利用不可の場合あり。犬種・サイズ条件は要問合せ。,2026-08-06,,,https://www.instagram.com/p/DCOiYXLSgOQ/
beef0000-0000-4000-8000-000000000905,,ANDog（アンドッグ）,神楽坂・飯田橋,35.70350,139.73471,〒162-0805 東京都新宿区矢来町107 1階,,false,tokyo,トリミング・ペット保育園を併設する神楽坂の総合ペットサロン。自分の愛犬を連れて飲食できるカフェスペースを併設。,,,8:30〜21:30,年中無休,,,,,,,,https://shop.andog.jp/store/,,,,true,,,,,総合ペットサロン併設。店の犬とのふれあいカフェ（1ドリンク付・有料）と、自分の愛犬同伴での店内飲食の両方を提供。自分の犬を連れて店内利用可。,2026-08-06,,,
beef0000-0000-4000-8000-000000000906,,TRATTORIA GRAN BOCCA（トラットリア グランボッカ）,神楽坂・飯田橋,35.69912,139.74463,東京都千代田区富士見2-10-2 飯田橋グラン・ブルーム サクラテラス2F,050-3101-4631,false,tokyo,飯田橋サクラテラス内のイタリアンレストラン。神田川の眺望を楽しめるテラス席で犬同伴可。,050-3101-4631,,,,,,,,,,,,,,,false,true,,,,テラス席のみ犬同伴可。雨天・強風時はテラス利用不可。,2026-08-06,,,
beef0000-0000-4000-8000-000000000907,,ARBOL（アルボール神楽坂）,神楽坂・飯田橋,35.70241,139.74019,東京都新宿区神楽坂4-7 1F,03-6457-5637,false,tokyo,神楽坂の路地裏にある一軒家イタリアンレストラン。小さなテラス席で犬同伴可。,03-6457-5637,,平日17:00〜23:00(LO22:00) / 土・祝17:00〜22:00(LO21:00),,,,,,,,,https://www.cardenas.co.jp/shop/family/kagurazaka-arbol/,,,,,true,,,,テラス席のみ犬同伴可（詳細条件は要問合せ）。食べログのサービス欄には「ペット可」とのみ記載があり条件不明瞭な出典もあるため要確認。,2026-08-06,,,
beef0000-0000-4000-8000-000000000908,,Le Coquillage（ル コキヤージュ）,神楽坂・飯田橋,35.70128,139.74200,東京都新宿区神楽坂2-12-10 ヒルズ神楽坂1F,03-3269-7003,false,tokyo,神楽坂の裏路地にある大人向けカジュアルフレンチビストロ。テラス席で犬同伴可。,03-3269-7003,,平日ランチ11:30〜15:00(LO14:00) / 土日祝ランチ11:30〜16:00(LO14:30) / ディナー18:00〜22:00(LO20:00),不定休,,,,,,,,https://le-coquillage.com/,@le_coquillage2006,,,false,true,,,,店舗公式コメントで「ペットはテラス席のみ可能」と明記。,2026-08-06,,,https://www.instagram.com/p/Cv508kYSGE-/
beef0000-0000-4000-8000-000000000909,,LE PARISIEN（ル・パリジャン）,神楽坂・飯田橋,35.70172,139.73795,〒162-0832 東京都新宿区岩戸町19 高野ビル1F,03-5579-2866,false,tokyo,神楽坂の裏路地にあるカジュアルな本格フレンチビストロ。テラス席で犬同伴可。,03-5579-2866,,ランチ11:30〜14:30 / ディナー17:30〜23:00(LO22:30),,,,,,,,,https://www.leparisien.jp/,,,,false,true,,,,テラス席のみ犬同伴可（テラス席に冷暖房設備なし）。,2026-08-06,,,
beef0000-0000-4000-8000-000000000910,,Luccollina（ルッコリーナ）,神楽坂・飯田橋,35.69912,139.74463,東京都千代田区富士見2-10-2 飯田橋サクラテラス2F,03-6272-5937,false,tokyo,飯田橋サクラテラス内のイタリアンワイン専門店。テラス席で犬同伴可。,03-6272-5937,,月火水木金祝前日祝後日11:30〜15:00(LO14:00)・17:30〜22:00(LO21:00) / 土日祝11:30〜22:00(LO21:00),,,,,,,,,,,,,,true,,,,テラス席のみ犬同伴可。,2026-08-06,,,
beef0000-0000-4000-8000-000000000911,,La Prosciutteria（ラ・プロシュッテリア）,神楽坂・飯田橋,35.70061,139.74181,東京都新宿区神楽坂2-11-7 神坂AY2ビル1F,03-5227-5586,false,tokyo,生ハムとイタリアワインの専門店。テラス席で犬同伴可。,03-5227-5586,,火〜金17:00〜23:00(LO22:00) / 土16:00〜23:00(LO22:00) / 日祝13:00〜22:00(LO21:00),,,,,,,,,,,,,,true,,,,テラス席のみ犬同伴可。,2026-08-06,,,
beef0000-0000-4000-8000-000000000912,,魚がし どまん中 神楽坂店,神楽坂・飯田橋,35.70191,139.73842,〒162-0825 東京都新宿区神楽坂5-30 エムティティ神楽坂B1F,03-5579-2957,false,tokyo,神楽坂の海鮮居酒屋。地下1階の店内で犬同伴が可能な珍しい業態。,03-5579-2957,,月〜金15:00〜23:00(LO22:00) / 土14:00〜23:00(LO22:00) / 日14:00〜22:00(LO21:30),,,,,,,,,,,,,true,,,,,規定なし（膝上・床・椅子など自由）だが事前相談必須。犬用飲食物の持込は不可、給水サービスあり。地下1階のためテラスなし。,2026-08-06,,,
beef0000-0000-4000-8000-000000000760,,熊祥(くまよし),武蔵小金井・国分寺,35.69450,139.46850,東京都国分寺市西元町2-17-11,,false,tokyo,西国分寺駅近くのラーメン店。屋外のテラス席（全8席）に限り愛犬と同席できる。,042-324-9767,,11:30〜22:00,不定休,,,,,,,,,,,https://tabelog.com/tokyo/A1325/A132502/13048963/,false,true,,,,テラス席（屋外・全8席）に限り同伴可。店内不可。,2026-08-06,,,
beef0000-0000-4000-8000-000000000761,,SAUCE UP BURGER,武蔵小金井・国分寺,35.69900,139.48050,東京都国分寺市本町4-1-8 MDナイン1F,,false,tokyo,国分寺駅南口すぐの西海岸風ハンバーガーカフェ。上階にドッグサロン・ペットホテルを併設し、店内・テラスともに愛犬と過ごせる。,042-312-4010,,10:00〜22:00,,,,,,,,,https://ohana-kk.com/sauce_up_burger/,,,,true,true,,true,,ペットカート利用可。ビル上階にトリミング・ペットホテルのサロンを併設。,2026-08-06,,,
beef0000-0000-4000-8000-000000000762,,Farm to table De Salita(ファーム トゥー テーブル デ サリータ),武蔵小金井・国分寺,35.70130,139.48050,東京都国分寺市本町2-14-3 アイティープラスビル1F,,false,tokyo,国分寺駅北口近くのファームトゥーテーブル系イタリアン。産直野菜と薪窯ピザが自慢で、店舗横のテラス席に限り愛犬と同席できる。,042-312-0444,,月〜土・祝前日 11:00〜14:59／15:00〜23:00（料理L.O.22:00）・日祝 11:00〜14:59／15:00〜22:00（料理L.O.21:00）,,,,,,,,,https://desalita-kokubunji.owst.jp/,@desalita.kokubunji,,,false,true,,,,店舗横のテラス席のみ同伴可。店内不可。,2026-08-06,,,https://www.instagram.com/reel/CXxv8Znl1-A/
beef0000-0000-4000-8000-000000000763,,史跡の駅 おたカフェ,武蔵小金井・国分寺,35.69350,139.47150,東京都国分寺市西元町1-13-6,,false,tokyo,武蔵国分寺公園に隣接するお鷹の道沿いの休憩施設内カフェ。国分寺産の野菜等を使ったメニューを提供し、テラス席に限り愛犬と利用できる。,042-312-2878,,9:00〜17:00（カフェの注文受付は9:30〜）,月曜定休（祝日・振替休日の場合は翌平日）・年末年始（12/29〜1/3）休業,,,,,,,,,,,,false,true,,,,テラス席のみ同伴可（2023年3月の改装後も継続）。,2026-08-06,,,
beef0000-0000-4000-8000-000000000764,,和風ジェラート おかじ Tokyo,武蔵小金井・国分寺,35.69550,139.50750,東京都小金井市本町5-4-29,,false,tokyo,武蔵小金井駅から徒歩約8分、和素材にこだわる手作りジェラート専門店。テラス席に限り愛犬と利用できる。,042-301-8383,,10:00〜18:00,月曜・火曜定休,,,,,,,,https://www.okaji-ice-tokyo.com/,,,,false,true,,,,テラス席のみ同伴可。,2026-08-06,,,
beef0000-0000-4000-8000-000000000780,,文流 国立店,国立,35.69781,139.44730,東京都国立市東1-6-30 パティオマグノリア1F,,false,tokyo,大学通り沿いのイタリアン。緑に包まれたテラス席で愛犬と食事ができる。,042-571-5552,,11:30〜14:30(L.O.14:00)・17:30〜21:30(L.O.21:00),水曜定休,,,,,,,,https://www.bunryu.co.jp/restaurant/,,,https://tabelog.com/tokyo/A1325/A132503/13005998/,false,true,,,,テラス席のみ犬同伴可(店内不可)・要事前電話でのテーブル確認,2026-08-06,,,
beef0000-0000-4000-8000-000000000781,,スターバックス コーヒー 国立店,国立,35.69781,139.44730,東京都国立市東1-6-21,,false,tokyo,大学通り沿いの人気カフェチェーン。テラス席のリードフックを使い愛犬と一息つける。,042-580-2561,,07:00〜22:00,不定休,,,,,,,,https://store.starbucks.co.jp/detail-447/,,,https://tabelog.com/tokyo/A1325/A132503/13033651/,false,true,,,,テラス席のみ犬同伴可(1席のみ・混雑時あり),2026-08-06,,,
beef0000-0000-4000-8000-000000000782,,レストラン・ヴェール,国立,35.69793,139.44928,東京都国立市東1-8-6,,false,tokyo,国立駅南口近くの洋食レストラン。テラス席で愛犬と食事ができる。,042-580-0121,,月〜金・祝前日・祝後日9:30〜21:00(L.O.20:00)・水・土9:30〜15:30(L.O.14:30),日・祝定休,,,,,,,,,,,https://tabelog.com/tokyo/A1325/A132503/13088957/,false,true,,,,テラス席のみ犬同伴可(店内不可),2026-08-06,,,
beef0000-0000-4000-8000-000000000783,,カーサ ディ カミーノ,国立,35.69725,139.44910,東京都国立市東1-14-22 ハイム114 1F,,false,tokyo,国立駅南、大学通り沿いのイタリアン。テラス席限定で愛犬と過ごせる。,,,水〜金・祝前日・祝後日18:00〜23:00・土11:30〜14:30/17:00〜22:00・日祝11:30〜14:30/16:00〜21:00,月・火曜定休,,,,,,,,,,,https://tabelog.com/tokyo/A1325/A132503/13175583/,false,true,,,,テラス席のみ犬同伴可(店内不可),2026-08-06,,,
beef0000-0000-4000-8000-000000000784,,ピエトロ 国立店,国立,35.68739,139.43698,東京都国立市富士見台3-14-1,,false,tokyo,富士見台エリアのイタリアン。テラス席で愛犬と食事ができる。,,,11:00〜22:00(L.O.21:00)・テラス席11:00〜21:00(L.O.20:00),,,,,,,,,,,,https://tabelog.com/tokyo/A1325/A132503/13019984/,false,true,,,,テラス席のみ犬同伴可(店内不可)・ペット同伴利用は20時まで,2026-08-06,,,
beef0000-0000-4000-8000-000000000785,,麦酒堂 KASUGAI,国立,35.69120,139.45387,東京都国立市東3-17-27,,false,tokyo,国立市東地区のビアホール。テラス席で愛犬と一緒に過ごせる。,,,月〜金11:00〜15:00/17:00〜22:00・土11:00〜22:00・日祝11:00〜21:00,水曜定休,,,,,,,,,,,https://tabelog.com/tokyo/A1325/A132503/13260049/,false,true,,,,テラス席のみ犬同伴可(店内不可),2026-08-06,,,
beef0000-0000-4000-8000-000000000786,,淡路島バーガー 国立谷保店,国立,35.68226,139.44080,東京都国立市谷保7181,,false,tokyo,谷保エリアのご当地バーガー店。テラス席で愛犬と一緒に利用できる。,,,月火金11:00〜15:00/17:30〜20:30・土日祝11:00〜15:30/17:30〜20:30,水・木曜定休,,,,,,,,,,,https://tabelog.com/tokyo/A1325/A132503/13298541/,false,true,,,,テラス席のみ犬同伴可(店内不可),2026-08-06,,,
beef0000-0000-4000-8000-000000000880,,迎賓楼,目黒,35.63442,139.71170,東京都目黒区目黒1-6-15,,false,tokyo,目黒駅近くの一軒家中華料理店。小型犬なら店内同伴で食事を楽しめる。,03-3490-6590,,月〜土11:00〜15:00(休憩あり)・17:30〜25:00(L.O.)/日17:30〜25:00(L.O.),年中無休,,,,,,,,,,,https://tabelog.com/tokyo/A1316/A131601/13072560/,true,,,,小型犬のみ(出典に明記),要事前確認推奨(電話03-3490-6590),2026-08-06,,,
beef0000-0000-4000-8000-000000000881,,FITZROY,目黒,35.63397,139.70824,東京都目黒区目黒2-11-3,,false,tokyo,目黒川近くの隠れ家的カフェダイニング。目黒駅徒歩圏、倉庫のような雰囲気でコワーキングスペースも併設。小型犬は店内同伴可。,,,火〜金10:00〜18:00・土日11:00〜19:00,月曜定休,,,,,,,,,,,,true,,,,小型犬のみ,,2026-08-06,,,
beef0000-0000-4000-8000-000000000882,,sibafu,目黒,35.63281,139.71248,東京都目黒区下目黒1-7-5 バーナードハウス1F,,false,tokyo,下目黒の古民家を改装したダイニングバー。小型犬同伴で店内利用ができる人気店。,050-5571-2574,人気店のため要連絡・予約推奨,17:00〜24:00(L.O.23:30),無休(年末年始を除く),,,,,,,,,,,,true,,,,小型犬のみ,,2026-08-06,,,
beef0000-0000-4000-8000-000000000883,,CHUM APARTMENT,目黒,35.63113,139.71081,東京都目黒区下目黒2-23-3,,false,tokyo,下目黒の異国情緒あるカフェダイニング。半個室のソファ席で小型犬と過ごせる。,050-5890-5978,犬同伴の半個室ソファ席は要予約,月〜土12:00〜24:00・日12:00〜18:00,,,,,,,,,http://chum-apt.net/,,,,true,,,,小型犬のみ・半個室ソファ席限定,,2026-08-06,,,
beef0000-0000-4000-8000-000000000884,,SHAPLA-INDIA,目黒,35.63243,139.71242,東京都目黒区下目黒1-7-9,,false,tokyo,下目黒のインド料理店。店先の簡易テーブル席でのみ愛犬と一緒に食事ができる。,03-6685-9959,人気店のため要事前連絡,月〜土11:00〜23:00,日曜定休,,,,,,,,,,,,false,true,,,,店先の簡易テーブル席のみ・店内不可,2026-08-06,,,
beef0000-0000-4000-8000-000000000885,,焼肉本家Ponga,目黒,35.63544,139.71490,東京都品川区上大崎2-17-5 デルダンビル1,,false,tokyo,目黒駅そばの焼肉店。雨天でも使えるテラス席で愛犬とBBQ気分を楽しめる。,050-5811-5700,,平日・土16:00〜23:30(フードL.O.22:30)・日祝16:00〜23:00(フードL.O.22:00),年中無休(元旦を除く),,,,,,,,https://yakiniku-ponga.com/megurohonten/,,,,false,true,,,,開閉式屋根・ビニール囲い付きテラス席・犬用飲料水サービスあり,2026-08-06,,,
beef0000-0000-4000-8000-000000000886,,PIZZERIA&BAR PAGLIACCIO,目黒,35.63451,139.71866,東京都品川区上大崎2-13-28 ソフィア白金1F・2F,,false,tokyo,目黒通り沿いのナポリピッツァ店。テラス席限定で愛犬と食事ができる。,050-5595-2940,,11:00〜23:00(L.O.22:30),無休,,,,,,,,,,,,false,true,,,,目黒通り沿いのテラス席のみ・店内不可,2026-08-06,,,
beef0000-0000-4000-8000-000000000887,,KITCHEN BAR 新目黒茶屋,目黒,35.63497,139.71905,東京都品川区上大崎2-13-22 シーアイマンション白金ビル1F,,false,tokyo,目黒駅近くの創作イタリアン。小型犬なら店内で同伴利用ができる。,050-5593-4653,,11:30〜23:00(日祝は22:00閉店),不定休,,,,,,,,https://b979901.gorp.jp/,,,,true,,,,小型犬のみ(出典に明記),,2026-08-06,,,
beef0000-0000-4000-8000-000000000888,,essence dining,武蔵小山,35.61822,139.70602,東京都品川区荏原3-8-1,,false,tokyo,武蔵小山パルム商店街のピザダイニング。カートかケージに入れれば愛犬と店内で過ごせる。,050-5486-5390,,月〜金11:00〜21:00・土日祝11:00〜21:30,,,,,,,,,https://essencedining.gorp.jp/,,,,true,,,,,入店にはカートまたはケージ使用必須と明記,2026-08-06,,,
beef0000-0000-4000-8000-000000000889,,エメ(Eme),武蔵小山,35.61990,139.70638,東京都品川区小山3-11-2,,false,tokyo,武蔵小山のフランス郷土料理店。犬同伴可能な席は数に限りがあり要予約。,03-5751-7636,犬同伴可能な席は限定のため要予約,ランチ12:00〜15:00(L.O.13:30)・ディナー18:00〜23:00(L.O.21:00),月曜・不定休,,,,,,,,https://eme-table.jp,@eme_table,,,true,,,,,単独出典(公式サイト・Instagramでは犬同伴の明記なし)のため要現地再確認,2026-08-06,,,https://www.instagram.com/p/DbSC9ixpxF2/
beef0000-0000-4000-8000-000000000890,,シェリーズバーガーカフェ,武蔵小山,35.62013,139.70627,東京都品川区小山3-7-12,,false,tokyo,武蔵小山のバーガー専門店。店内で愛犬と一緒にハンバーガーを楽しめる。,03-6426-8751,,ランチ11:30〜15:00(L.O.14:30)・ディナー18:00〜21:00(L.O.20:30)、日曜はランチタイムのみ,,,,,,,,,http://sherrys.livedoor.biz/,@sherrysburgercafe,,,true,,,,,混雑時は入店を断る場合ありと明記,2026-08-06,,,https://www.instagram.com/p/DPkTBnJkzND/
beef0000-0000-4000-8000-000000000891,,Italian Dining Lui,武蔵小山,35.61291,139.70728,東京都品川区西中延1-7-23 小山電設ビル1F,,false,tokyo,西中延の家庭的なイタリアン食堂。予約時に相談すれば愛犬同伴で利用できる。,,ペット同伴は予約時に要問合せ,,,,,,,,,,https://italian-dining-lui.foodre.jp/,,,https://tabelog.com/tokyo/A1317/A131712/13171916/,true,,,,,武蔵小山駅より徒歩約15分(荏原中延・戸越寄り)・エリア境界寄りのため要確認,2026-08-06,,,
beef0000-0000-4000-8000-000000000892,,ブレッド マチエール,武蔵小山,35.62082,139.70256,東京都目黒区目黒本町3-5-6 ヒルズトミオカ1F,,false,tokyo,武蔵小山のベーカリー&ビストロ。店舗横のペット専用テラス席で愛犬と過ごせる。,,,月・水〜日8:00〜22:00(料理L.O.21:00・ドリンクL.O.21:30),火曜定休,,,,,,,,,@matiere.bread,,,false,true,,,,店舗横のペット専用テラス席のみ・店内不可。※一部出典(hotpepper)には室内ペット席との表記もあり要確認,2026-08-06,,,
beef0000-0000-4000-8000-000000000893,,麺恋処 爆龍,武蔵小山,35.61826,139.70377,東京都品川区小山4-8-5,,false,tokyo,武蔵小山のラーメン専門店。犬同伴専用席を設け、リードフック付きで利用できる。,03-6338-9333,,平日11:30〜15:30(L.O.)・17:30〜21:00(L.O.)/土日祝11:30〜20:00(L.O.),,,,,,,,,,,,,true,,true,,,犬同伴OK専用席にリードフックあり・入店前にスタッフへ声掛けを,2026-08-06,,,
beef0000-0000-4000-8000-000000000740,,カフェ海猫山猫,三鷹,35.69080,139.56760,東京都武蔵野市中町2-28-7 1F,,false,tokyo,三鷹駅と吉祥寺駅のちょうど中間にあるカフェ。犬同伴で利用でき、鹿肉を使った犬用メニュー「わんわんミートローフ」を用意している。,0422-69-0668,,火・水・金7:30〜16:00(モーニング〜ランチ)・土・日11:30〜18:00※月・木定休,月・木定休,,,,,,,,http://uminekoyamaneko.com/,@umineko.yamaneko,,https://tabelog.com/tokyo/A1320/A132001/13231665/,true,,,true,,犬用メニュー「わんわんミートローフ」(鹿肉使用・テイクアウト可)を提供(公式サイト記載)。系列の葉山店はテラス席のみ同伴可とされており、当店(武蔵野・三鷹/吉祥寺間の本店)とは条件が異なる点に留意。,2026-08-06,,,https://www.instagram.com/p/C_MlCV4Ssq6/
beef0000-0000-4000-8000-000000000741,,わんすたCafe＆酒場,三鷹,35.70200,139.57140,東京都三鷹市井の頭3-31-5 リファイン井の頭公園1F,,false,tokyo,京王井の頭線・井の頭公園駅からすぐの犬同伴カフェ&酒場。店内に犬専用のフリースペースを備え、昼はカフェ、夜は酒場として利用できる。,0422-24-9833,,月〜金12:00〜23:00・土日祝10:00〜23:00(L.O.22:30),木曜定休(2021年5月時点の出典記載。要最新確認),,,,,,,,,@dogcafe_onesta,,,true,,,true,,店内に犬専用のフリースペースを併設し、犬用メニューも用意(出典複数で確認)。ノーリード可否・大型犬対応の明記は無し。,2026-08-06,,,https://www.instagram.com/reel/CzDfu7yhpo2/
beef0000-0000-4000-8000-000000000742,,pepacafe FOREST（ペパカフェ・フォレスト）,三鷹,35.69750,139.57600,東京都三鷹市井の頭4-1-5 井の頭恩賜公園内,,false,tokyo,井の頭恩賜公園内にあるタイ・ベトナム料理レストラン。リードまたはケージ・カート使用を条件に、店内で犬同伴で利用できる。,0422-42-7081,,月〜金12:00〜22:00・土日祝11:30〜22:00,,,,,,,,,,@pepacafe_forest,,,true,,,,,リードに繋ぐかケージ・カートに入れ足元で同伴(椅子・テーブルへの同席は不可)。トイレトレーニング未完了・予防接種未実施のペットは入店不可(出典記載)。大型犬可否の明記なし。テラス席での可否は出典に明記がないため空欄。,2026-08-06,,,https://www.instagram.com/p/DM6rHarTGXC/
beef0000-0000-4000-8000-000000000743,,カフェ テラス ヴェルト（Cafe Terrasse Verte）,三鷹,35.68380,139.56020,東京都武蔵野市中町1-14-5 2F,,false,tokyo,三鷹駅北口ロータリー内にあるカフェ。焼きたてパンやコーヒーが楽しめ、テラス席に限り犬同伴で利用できる。,0422-38-1150,,月〜金7:00〜22:00・土日9:00〜21:30(モーニング7:00〜11:00),,,,,,,,,https://www.matsuyafoods.co.jp/terrasse-verte/,,,,,true,,,,公式サイトに「テラス席は愛犬同伴OK」と明記。店内可否の記載はなし。,2026-08-06,,,
beef0000-0000-4000-8000-000000000744,,MOCMO sandwiches,三鷹,35.67800,139.56600,東京都三鷹市下連雀1-17-4 1F,,false,tokyo,三鷹駅・吉祥寺駅の中間にあるグルテンフリーサンドイッチの店。オープンテラス席7席に限り犬同伴で利用できる。,050-5374-6141,,平日11:00〜17:00(L.O.16:30)・土日祝9:00〜17:00(L.O.16:30),年末年始休業,,,,,,,,,,,https://tabelog.com/tokyo/A1320/A132002/13245550/,,true,,,,食べログ店舗登録情報に「ペットはテラス席のみ可」と明記(オープンテラス席7席)。店内(23席)は不可の趣旨。,2026-08-06,,,
beef0000-0000-4000-8000-000000000745,,YOUR SIDE COFFEE（ユアサイドコーヒー）,三鷹,35.68000,139.55950,東京都三鷹市下連雀3-43-28 創英ビル1F,,false,tokyo,三鷹駅南口徒歩3分の自家焙煎コーヒースタンド。テラス席に限り犬同伴で利用できる。,,,10:00〜19:00,年末年始休業,,,,,,,,,,,https://tabelog.com/en/tokyo/A1320/A132002/13161240/,,true,,,,食べログ店舗情報に「ペットはテラス席のみ可」と明記(全28席中カウンター4・テーブル18・テラス6)。店内は不可の趣旨。,2026-08-06,,,
beef0000-0000-4000-8000-000000000746,,Cafe Rose&M（カフェ ローズアンドエム）,三鷹,35.67400,139.55950,東京都三鷹市下連雀4-17-10 ひだりまきビル1F,,false,tokyo,三鷹駅南口徒歩12分の紅茶とケーキの店。ペット同伴可とされているが、店内・テラスいずれの利用可否かの明記はない。,,,月・火・木〜日祝11:30〜21:00(水曜定休),水曜定休,,,,,,,,,,,https://tabelog.com/tokyo/A1320/A132002/13242189/,,,,,,食べログ「サービス」欄・ホットペッパー「ペット同伴：可」の2出典で確認したが、いずれも店内/テラスの区別・大型犬可否・条件の記載がない。オープンテラス席の存在は別途確認できたが、それが犬同伴可能な席かは出典に明記なし。,2026-08-06,,,
beef0000-0000-4000-8000-000000000747,,Cafe Sadiiq（カフェ サディーク）,三鷹,35.68100,139.56050,東京都三鷹市下連雀3-16-15 三鷹サニーマンション1F,,false,tokyo,2024年11月に三鷹駅南口にオープンしたカフェ。パンケーキなどが楽しめ、犬・猫を連れての来店も可能。,,,平日9:00〜20:00・土日祝8:00〜19:00,月曜+不定休,,,,,,,,,@cafe_sadiiq,,,true,,,,,複数の紹介記事で「ペット同伴も可能」「犬・猫だけでなくフクロウやウサギの来店例もある」と紹介。来店客の犬が店内で過ごす様子も紹介されている。大型犬可否・頭数制限等の明記はなし。,2026-08-06,,,https://www.instagram.com/reel/DElk_X5Tyxx/
beef0000-0000-4000-8000-000000000820,,タカオネ,高尾山,35.62600,139.25030,東京都八王子市高尾町2264,,false,tokyo,高尾山口駅前の体験型ホテル1階にあるカフェ&ダイニング。街に面したテラス席と奥の中庭(NAKA-NIWA)で犬と一緒に過ごせる。,03-6632-2163,,ランチ11:30〜15:00・ディナー17:00〜21:00(曜日により変動),不定休,,,,,,,,https://takaone.jp/hotel/facility/cafe/,takao_no_katao,,,false,true,,,,宿泊時の客室へのペット同伴は不可(公式FAQに明記)・中庭も同伴可,2026-08-06,,,https://www.instagram.com/p/DapnhssE_C2/
beef0000-0000-4000-8000-000000000821,,Mt.TAKAO BASE CAMP CAFE&BAR,高尾山,35.62750,139.24950,東京都八王子市高尾町1799-3,,false,tokyo,高尾山口駅徒歩3分の山小屋ゲストハウス1階にあるカフェ&バー。ウッドデッキ・テラス席で犬と一緒に過ごせ、リードフックも備える。,042-673-7707,,平日8:00〜20:00・土日祝7:00〜20:00,年中無休,,,,,,,,https://takaobc.com/cafe_bar/,mt.takaobasecamp,https://x.com/mtbc_takao,,,true,,,,ウッドデッキ・テラス席が犬連れ登山客に人気(2出典(Petoria/inunavi)・条件詳細は要問合せ),2026-08-06,,,https://www.instagram.com/p/DbpbTi_CDNT/
beef0000-0000-4000-8000-000000000822,,高尾山FuMotoYA,高尾山,35.62620,139.25060,東京都八王子市高尾町2241,,false,tokyo,京王高尾山口駅に隣接する石窯ナポリピッツァのイタリアンレストラン。テラス席で犬と同伴でき、食事利用者は足湯も無料で使える。,042-667-7568,,平日11:00〜16:00(L.O.15:00)・土日祝11:00〜17:00(L.O.16:00),無休(2月のみ営業時間短縮),,,,,,,,https://www.urban-inc.co.jp/tokyotakao/shop/fumotoya/,takao_fumotoya,,,,true,,,,食事利用者は足湯を無料で利用可(単独出典のため要重点検証),2026-08-06,,,
beef0000-0000-4000-8000-000000000823,,栄茶屋本店,高尾山,35.62800,139.25400,東京都八王子市高尾町2479,,false,tokyo,高尾山口駅からケーブルカー駅へ向かう参道沿いの老舗そば店。名物の自然薯そばが人気で、テラス席で犬と同伴できる。,042-661-0350,,11:00〜17:00頃(季節・天候により変動),不定休,,,,,,,,https://sakaechaya.jp/,,,,,true,,,,,2026-08-06,,,
beef0000-0000-4000-8000-000000000824,,蕎麦と杜々,高尾山,35.63200,139.26100,東京都八王子市高尾町2031,,false,tokyo,高尾山口駅と高尾駅の中間、上椚田橋近くの隠れ家的そば店。石臼挽き自家製粉のそばが名物で、庭のテーブル席・テラス席で犬と同伴できる。,042-673-5592,,11:00〜15:00(そば売り切れ次第終了),火曜・第1第3水曜定休,,,,,,,,http://soba-toto.com/,,,,,true,,,,,2026-08-06,,,
beef0000-0000-4000-8000-000000000825,,いろりの里 高尾山名主 ごん助,高尾山,35.64300,139.28500,東京都八王子市南浅川町4068,,false,tokyo,六千坪の庭に離れが点在するろばた焼き店。ペット専用の個室(離れ)を予約すれば犬と一緒に食事でき、個室内はノーリード可。,042-661-2700,,11:00〜22:00(L.O.20:30),年中無休,,,,,,,,https://www.gon-suke.com/,,,,true,,,,,ペット同伴は専用個室(離れ)限定・要予約・個室内ノーリードOK,2026-08-06,,,
beef0000-0000-4000-8000-000000000826,,やまびこ茶屋,高尾山,35.62540,139.24270,東京都八王子市高尾町2176,,false,tokyo,高尾山山頂にある1945年創業の老舗食堂。森を望むテラス席で犬と同伴でき、蕎麦やカレーライスが名物。,042-661-3881,,10:00〜15:00頃(季節・天候により変動),不定休,,,,,,,,https://www.yamabiko-chaya.com/,,,,,true,,,,店内可否は出典間で対立するため空欄(1出典は店内のペット同伴席案内ありと記載、他3出典はテラス限定と記載),2026-08-06,,,
beef0000-0000-4000-8000-000000000827,,CAFE CHOU CHOU(シュシュ),高尾山,35.63000,139.26500,東京都八王子市高尾町1912,,false,tokyo,JR高尾駅と京王高尾山口駅の間、甲州街道沿いの小仏川ほとりにあるグルメバーガー専門カフェ。奥に茶室も併設。テラス席で犬と同伴でき、飲み水のサービスもある。,,,土日11:00〜17:00頃(近年は営業日・時間短縮の情報あり・要最新確認),月〜金定休(要最新確認),,,,,,,,,cafe.chou.chou,,,,true,,,,営業日・時間が資料により異なるため来店前に公式SNSでの確認を推奨,2026-08-06,,,https://www.instagram.com/p/DaV2cvTTEXM/
beef0000-0000-4000-8000-000000000801,,44APARTMENT 多摩センター店,聖蹟桜ヶ丘・多摩センター,35.61950,139.42150,東京都多摩市落合2-35,042-401-9888,false,tokyo,多摩中央公園内に2025年オープンしたカフェ&レストラン。公園の緑を望むテラス席で愛犬と食事ができ、ペット専用メニューやリードフック・足洗い場を備える。,042-401-9888,,平日9:00〜18:00/土日祝9:00〜20:00,,9:00-18:00,9:00-18:00,9:00-18:00,9:00-18:00,9:00-18:00,9:00-20:00,9:00-20:00,https://www.44apartment.com/,,,,false,true,,true,,テラス席限定(インナーテラス仕様で天候に左右されにくい)・ペット用リードフック/足洗い場完備・トマトピザやミートボール等のペット専用メニューあり・犬種条件は要問合せ。,2026-08-06,,,
beef0000-0000-4000-8000-000000000802,,LATTE GRAPHIC 聖蹟桜ヶ丘店,聖蹟桜ヶ丘・多摩センター,35.64900,139.44400,東京都多摩市関戸1-20-2 サクテラスモール1F,,false,tokyo,聖蹟桜ヶ丘駅から徒歩5分のサクテラスモール内にあるカフェ。テラス席限定で愛犬同伴が可能で、ドッグメニューも複数用意されている。,,,7:00〜22:30(L.O.22:00),,,,,,,,,,,,,false,true,,true,,テラス限定・鹿肉と紫芋のごはん等のドッグメニューあり(量調整可)・お水サービスあり。,2026-08-06,,,
beef0000-0000-4000-8000-000000000803,,リバゴーシュ,聖蹟桜ヶ丘・多摩センター,35.62700,139.43800,東京都多摩市乞田688-101 ラ・プランタン1F,042-338-4564,false,tokyo,乞田川沿いに佇むイタリア料理店。テラス席で愛犬と一緒に食事を楽しめる。,042-338-4564,,火〜土18:00〜23:00(L.O.22:00)・土12:00〜15:00(L.O.14:00)・日12:00〜15:30(L.O.14:30)/18:00〜22:30(L.O.21:30),月曜定休・第1火曜定休・第3火曜定休,,,,,,,,,,,,false,true,,,,テラス限定。,2026-08-06,,,
beef0000-0000-4000-8000-000000000804,,AFFIDAMENTO BAGEL,聖蹟桜ヶ丘・多摩センター,35.62050,139.42800,東京都多摩市山王下1-12-12 福満ビル2F,03-6820-5325,false,tokyo,多摩センター駅近くの土日限定営業のベーグル専門店。店内での犬同伴が可能。,03-6820-5325,,土日9:00〜17:00(L.O.16:30),月〜金・祝日定休,,,,,,,,,,,https://tabelog.com/tokyo/A1327/A132702/13195449/,true,,,,,リード着用またはキャリー・カート等の使用が必須(専門サイトの案内)。,2026-08-06,,,
beef0000-0000-4000-8000-000000000805,,UN BESITO(ウン・ベシート)永山店,聖蹟桜ヶ丘・多摩センター,35.62800,139.44600,東京都多摩市永山1-1-7 ブリエール永山1F,042-355-8055,false,tokyo,永山駅近くのスペイン料理店。屋根付きのテラス席で愛犬と一緒に食事ができる。,042-355-8055,,11:30〜15:00(L.O.14:00)・17:00〜22:30(L.O.21:30)/日・連休最終日17:00〜22:00(L.O.21:00),,,,,,,,,https://unbesito.net/,,,,false,true,,,テラス席は4〜5名用(頭数目安の記載なし),テラス限定・リードフック/犬用の水/ひざ掛け完備・屋根付きのため雨天時も利用可(公式サイト記載)。,2026-08-06,,,
beef0000-0000-4000-8000-000000000806,,アッサムダイニングカフェ永山店,聖蹟桜ヶ丘・多摩センター,35.62300,139.44900,東京都多摩市永山6-8-4,042-389-2340,false,tokyo,永山にある本格インドカレーの店。テラス席4席で愛犬と一緒に食事ができる。,042-389-2340,,ランチ11:00〜15:00(L.O.14:15)/ディナー17:30〜21:00(L.O.20:15、7のつく日のみ営業),不定休あり,,,,,,,,,,,,false,true,,,テラス席4席,テラス限定(4席)。,2026-08-06,,,
beef0000-0000-4000-8000-000000000807,,場外焼肉 榮登庵 多摩センター店,聖蹟桜ヶ丘・多摩センター,35.62300,139.42600,東京都多摩市落合1-2-19 フローラル上之根101,042-313-7829,false,tokyo,多摩センター駅近くの焼肉店。テラス席で犬同伴が可能。,042-313-7829,,月〜日17:00〜翌5:00(L.O.翌4:00),,,,,,,,,,,,https://tabelog.com/tokyo/A1327/A132702/13254349/,,true,,,,テラス限定(専門サイト案内)。食べログのペット可表示には条件の具体的な記載がなく、来店前の事前確認を推奨。,2026-08-06,,,
beef0000-0000-4000-8000-000000000808,,cafe de Fleurus 27,聖蹟桜ヶ丘・多摩センター,35.64600,139.45100,東京都多摩市関戸4-10-11,050-5486-5708,false,tokyo,聖蹟桜ヶ丘駅東口から徒歩7〜8分のスイス出身オーナーによる欧風カフェ。店内・テラスどちらも犬同伴が可能。,050-5486-5708,,11:30〜22:00(L.O.20:30、ドリンクL.O.21:00、15:00〜17:30は休憩),月〜水曜定休(平日不定休あり),,,,,,,,,,,,true,true,,false,,ペットカート利用可。ペット用メニュー・お水・リードフックは出典に記載なし(要持参・要確認)。,2026-08-06,,,
beef0000-0000-4000-8000-000000000860,,Jaho Coffee Roaster & Wine Bar 田町店,田町・三田・浜松町,35.64612,139.74472,東京都港区芝5-29-11 G-BASE Tamachi 1F,,false,tokyo,ボストン発のコーヒーロースター＆ワインバー。田町駅近くのオフィス街にあり、テラス席限定で犬同伴が可能。,,,,,,,,,,,,,,,https://tabelog.com/en/tokyo/A1314/A131402/13233931/,false,true,,,,テラス席のみ犬同伴可(店内不可)。専門サイト記載。,2026-08-06,,,
beef0000-0000-4000-8000-000000000861,,passage coffee,田町・三田・浜松町,35.64837,139.74486,東京都港区芝5-14-16 大正堂ビル1F,,false,tokyo,田町・三田の間にあるコーヒースタンド。テラス席限定で犬同伴が可能。,,,,,,,,,,,,,,,https://tabelog.com/en/tokyo/A1314/A131402/13206620/,false,true,,,,テラス席のみ犬同伴可(店内不可)。専門サイト記載。,2026-08-06,,,
beef0000-0000-4000-8000-000000000862,,LODA 三田店,田町・三田・浜松町,35.64751,139.74590,東京都港区芝5-26-20 建築会館2F,,false,tokyo,建築会館2Fにあるカフェ・レストラン。テラス席限定で犬同伴が可能。,,,,,,,,,,,,,,,,false,true,,,,テラス席のみ犬同伴可(店内不可)。petoria1件がテラス席での犬同伴可を明記（30min.jpはテラス席の存在のみで犬可の明言なし）。,2026-08-06,,,
beef0000-0000-4000-8000-000000000863,,威南記海南鶏飯 日本本店,田町・三田・浜松町,35.64346,139.74605,東京都港区芝浦3-4-1 田町グランパーク1F,,false,tokyo,シンガポール発の海南鶏飯専門店の日本本店。田町グランパークのテラス席で犬同伴が可能。,,,,,,,,,,,,,,,,false,true,,,,テラス席のみ犬同伴可(店内不可)。専門サイト3件で記載。,2026-08-06,,,
beef0000-0000-4000-8000-000000000864,,biotable.,田町・三田・浜松町,35.64156,139.74933,東京都港区芝浦3-19-17 アンビエンテ芝浦2F,,false,tokyo,芝浦運河沿いのヘルシー志向レストラン。テラス席で犬同伴が可能で、店内も特定のペットOKデーに限り可という案内あり。,,,,,,,,,,,,,,,,,true,,,,通常はテラス席のみ犬同伴可。店内は「ペットOKデー」等特定日のみ案内あり(詳細は要問合せ)。,2026-08-06,,,
beef0000-0000-4000-8000-000000000865,,Bistrot a la Demande,田町・三田・浜松町,35.64456,139.75217,東京都港区芝浦2-16-11 オアーゼ芝浦1F,,false,tokyo,契約農家の野菜と全国の魚介を使うビストロ。テラス席限定で犬同伴が可能。,,,,,,,,,,,,,,,,false,true,,,,テラス席のみ犬同伴可(店内不可)。専門サイト記載。,2026-08-06,,,
beef0000-0000-4000-8000-000000000866,,BAGUS BAR Shibaura Island,田町・三田・浜松町,35.64120,139.75238,東京都港区芝浦4-22-2 芝浦アイランドエアテラス1F,,false,tokyo,運河に囲まれたオープンテラスを持つアジアンリゾート風ダイニング。テラス席限定で犬同伴が可能。,03-3455-4700,,,,,,,,,,,https://bagus-bar.jp/,,,https://tabelog.com/en/tokyo/A1314/A131402/13038872/,false,true,,,,テラス席のみ犬同伴可(店内不可)。食べログの店舗情報欄に明記。,2026-08-06,,,
beef0000-0000-4000-8000-000000000867,,Mi Tiempo,田町・三田・浜松町,35.64591,139.75545,東京都港区芝浦2-2-18,,false,tokyo,芝浦運河沿いのレストラン。テラス席で犬同伴が可能。,,,,,,,,,,,,,,,,false,true,,,,テラス席のみ犬同伴可(店内不可)。専門サイト2件で記載。,2026-08-06,,,
beef0000-0000-4000-8000-000000000868,,BESIDE SEASIDE,田町・三田・浜松町,35.64891,139.75958,東京都港区海岸2-7-103 Hi-NODE 1F,,false,tokyo,日の出ふ頭の海を望むレストラン&カフェ。オーシャンビューのテラス席限定で犬同伴が可能(店内は不可)。,,,,,,,,,,,,https://www.beside-seaside.tokyo/,,,,false,true,,,,テラス席のみ犬同伴可。店内は不可と専門サイトに明記。,2026-08-06,,,
beef0000-0000-4000-8000-000000000869,,8dori 大門店,田町・三田・浜松町,35.65711,139.75581,東京都港区浜松町1-28-13 Daimon ex II 1F,,false,tokyo,大門駅近くのイタリアン。オープンエアのテラス席で犬同伴が可能。,,,,,,,,,,,,,,,,false,true,,,,テラス席のみ犬同伴可(店内不可)。専門サイト記載。,2026-08-06,,,
beef0000-0000-4000-8000-000000000870,,フランツクラブ 浜松町店,田町・三田・浜松町,35.65685,139.75919,東京都港区海岸1-2-20 1F,,false,tokyo,ドイツビールと料理の店。テラス席限定で犬同伴が可能。,03-6430-0128,,,,,,,,,,,https://www.zato.co.jp/restaurant/franzclub/franzclub_hamamatsucho/,,,,false,true,,,,テラス席のみ犬同伴可(店内不可)。公式サイトに明記。,2026-08-06,,,
beef0000-0000-4000-8000-000000000871,,Wande Shiba,田町・三田・浜松町,35.65862,139.75234,東京都港区芝公園1-6-6 inumo芝公園 1F,,false,tokyo,犬同伴型ホテル「inumo芝公園」1Fのイタリアン。店内で犬と一緒に食事ができ、ドッグメニューも用意。,,,,,,,,,,,,,,,,true,,,true,,店内で犬同伴可。テーブルにリードフックあり、ドッグメニューも提供。,2026-08-06,,,
beef0000-0000-4000-8000-000000000872,,Le Pain Quotidien 芝公園店,田町・三田・浜松町,35.65889,139.74880,東京都港区芝公園3-3-1 東京プリンスホテル,,false,tokyo,東京プリンスホテル内のベーカリーカフェ。ウッドテラス席限定で犬同伴が可能。,,,,,,,,,,,,,,,,false,true,,,,テラス席のみ犬同伴可(予約不可)。専門サイト2件で記載。,2026-08-06,,,
beef0000-0000-4000-8000-000000000873,,KOSO 芝本店,田町・三田・浜松町,35.65965,139.75151,東京都港区芝公園1-3-12 クローバー芝公園1F,,false,tokyo,芝公園のカフェ・喫茶。テラス席限定で犬同伴が可能。ドッグメニューあり。,,,,,,,,,,,,,,,,false,true,,true,,テラス席のみ犬同伴可(店内不可)。ドッグメニューあり。専門サイト2件で記載。,2026-08-06,,,
beef0000-0000-4000-8000-000000000874,,ビストロ＆スペイン古民家バル chab,田町・三田・浜松町,35.64817,139.74533,東京都港区芝5-24-5,,false,tokyo,古民家を改装したビストロ&スペインバル。1組限定のテラス席で犬同伴が可能。,,,,,,,,,,,,,,,,false,true,,,,1組限定のテラス席のみ犬同伴可(店内不可)。専門サイト2件で記載。,2026-08-06,,,
beef0000-0000-4000-8000-000000000875,,地鶏専門店三岳 田町×三田店,田町・三田・浜松町,35.64864,139.74616,東京都港区芝5-16-13 REXビル1F,,false,tokyo,地鶏料理の専門店。ビニールカーテンで囲ったテラス席で犬同伴が可能。,,,,,,,,,,,,,,,,false,true,,,,テラス席(ビニールカーテン囲い)のみ犬同伴可(店内不可)。専門サイト記載。,2026-08-06,,,
beef0000-0000-4000-8000-000000000876,,肉とワイン bonanza,田町・三田・浜松町,35.65626,139.75385,東京都港区芝大門2-3-6 大門アーバニスト104,,false,tokyo,大門駅近くの肉バル。ディナー帯のテラス席限定・時間指定で犬同伴が可能。土曜日は小型犬に限り店内も案内あり。,,,,,,,,,,,,,,,,,true,,,小型犬のみ(土曜・店内利用時),テラス席は17:00〜21:00のみ犬同伴可。土曜日は小型犬に限り店内利用も案内あり(詳細要問合せ)。,2026-08-06,,,
beef0000-0000-4000-8000-000000000920,,BURG HOLIC(バーグホリック),四谷・市ヶ谷,35.68827,139.72212,東京都新宿区四谷3-3 エスパスコンセールビル2F,,false,tokyo,四谷三丁目のステーキとクラフトビールの店。喫煙可の一角がペット同伴席として利用できる。,03-6709-9811,,火〜金11:00〜15:00・17:00〜23:00／土日祝11:00〜16:00・17:00〜23:00,月曜定休(月曜祝日の場合は翌火曜休),,,,,,,,https://burg-holic.com/,@burgholic_yotsuya,,https://tabelog.com/tokyo/A1309/A130903/13216053/,true,,,,小型犬・中型犬向け(静かにできる犬のみ),ペット同伴可能な席は喫煙可能な席のみ(分煙)。,2026-08-06,,,https://www.instagram.com/p/CzGJvRYypYo/
beef0000-0000-4000-8000-000000000921,,マルゴ四谷(MARUGO YOTSUYA),四谷・市ヶ谷,35.68767,139.72905,東京都新宿区四谷1-6-1 コモレ四谷 コモレモール1F,,false,tokyo,コモレ四谷1階のワインビストロ。オープンテラス席は散歩中の愛犬と気軽に立ち寄れる。,03-5361-6205,,11:30〜23:00(料理L.O.22:00・ドリンクL.O.22:30),年中無休(施設休館日を除く),,,,,,,,https://marugo-s.com/yotsuya/,,,https://tabelog.com/tokyo/A1309/A130902/13245349/,false,true,,,,テラス席のみ犬同伴可(ノーチャージ・ペット用の水皿あり)。,2026-08-06,,,
beef0000-0000-4000-8000-000000000922,,Cafe Restaurant AUREOLE(カフェレストラン オリオール),四谷・市ヶ谷,35.68783,139.71222,東京都新宿区新宿1-3-12 壱丁目参番館101,,false,tokyo,新宿御苑前のカジュアルイタリアン。四谷寄りのテラス席で緑を眺めながら愛犬と食事ができる。,03-3355-8447,,11:30〜23:00,月曜・水曜定休(祝日は営業、翌平日休),,,,,,,,https://www.aureole.ne.jp/,,,https://tabelog.com/tokyo/A1304/A130402/13000946/,false,true,true,,,テラス席のみ犬同伴可。全サイズ対応でお水サービスあり。,2026-08-06,,,
beef0000-0000-4000-8000-000000000923,,HIGHBURY -THE HOME OF BEER-(ハイバリー),四谷・市ヶ谷,35.68925,139.71124,東京都新宿区新宿1-17-5 1F,,false,tokyo,新宿御苑前の英国式クラフトビールバー。店内で小型犬と一緒に過ごせる。,03-6273-2550,,月〜金17:00〜23:00・土日祝13:00〜23:00,,,,,,,,,https://highbury-international.com/,@highbury_the_home_of_beer,,https://tabelog.com/tokyo/A1304/A130402/13200476/,true,,,,小型犬のみ,店内利用時はリード着用必須。他の客の事情により同伴を断る場合あり。,2026-08-06,,,https://www.instagram.com/p/DIaHskxymtA/
beef0000-0000-4000-8000-000000000924,,ウニ専門レストラン unico-co(ウニココ),四谷・市ヶ谷,35.68683,139.72868,東京都新宿区四谷1-7-18 アクトワールドビル3F,,false,tokyo,四谷のウニ専門コース料理店。個室席に限り事前の電話予約で愛犬と同席できる。,03-3353-0255,完全予約制・ペット同伴は事前電話予約必須(個室のみ),平日11:30〜14:30・17:00〜22:30／土日祝11:30〜14:30・17:00〜21:00,予約状況により休業(完全予約制),,,,,,,,https://unicoco.tokyo/,@unicoco.tokyo.japan,,https://tabelog.com/tokyo/A1309/A130902/13209000/,true,,,,,個室席のみ犬同伴可(飼い主が管理責任を持てる場合に限る)。隣接する姉妹店オリヴァヴァ(イタリアン個室ダイニング・同一ビル内)でも個室利用時に限り犬同伴可・個室料+3300円が別途必要。アラカルト注文はオリヴァヴァ側で可能。,2026-08-06,,,https://www.instagram.com/p/DC_IKEIzhtc/
beef0000-0000-4000-8000-000000000926,,PIZZA SALVATORE CUOMO 四谷,四谷・市ヶ谷,35.68677,139.72743,東京都新宿区四谷1-24 ホテル京阪 東京四谷1F,,false,tokyo,ホテル京阪東京四谷1階のナポリピッツァ専門店。開放的なオープンテラスで愛犬と食事ができる。,03-3355-7765,,平日昼11:30〜14:30(LO14:00)・夜17:00〜23:00(LO22:30)／土日祝11:00〜23:00(LO22:30),無休,,,,,,,,https://www.salvatore.jp/restaurant/yotsuya/,,,https://tabelog.com/tokyo/A1309/A130902/13037251/,false,true,,,,オープンテラス席のみ犬同伴可。,2026-08-06,,,
beef0000-0000-4000-8000-000000000927,,やきとり荒木山 四谷店,四谷・市ヶ谷,35.68767,139.72905,東京都新宿区四谷1-6-1 コモレ四谷1F 114区画,,false,tokyo,コモレ四谷1階の焼鳥専門店。ガラス張りのテラス席は愛犬と一緒に利用できる。,03-5315-0948,,月〜金11:30〜14:00・17:00〜23:00／土17:00〜23:00,日曜・祝日定休,,,,,,,,,,,https://tabelog.com/tokyo/A1309/A130902/13248722/,false,true,,,,テラス席のみ犬同伴可(店内不可)。,2026-08-06,,,
beef0000-0000-4000-8000-000000000928,,PERFECT BEER KITCHEN 四ツ谷,四谷・市ヶ谷,35.68651,139.72820,東京都新宿区四谷1-8-6 ホリナカビル1F,,false,tokyo,四ツ谷駅近くのクラフトビールとフライドチキンの専門店。ペット同伴可の記載がある。,03-5357-7813,,月〜金17:00〜23:00・土日祝15:00〜23:00,,,,,,,,,,@perfect_beer_kitchen_yotsuya,,https://tabelog.com/tokyo/A1309/A130902/13287388/,,,,,,犬同伴可(店内・テラス等の区別は出典に記載なし)。,2026-08-06,,,https://www.instagram.com/p/CykwT-Mv2jL/
beef0000-0000-4000-8000-000000000929,,JADE'R TOKYO(ジャデルトウキョウ),四谷・市ヶ谷,35.68839,139.72565,東京都新宿区四谷三栄町14-5 名倉堂ビル1F,,false,tokyo,四谷三栄町の花屋併設ワインバー。ナチュラルワインと生花を楽しめる。,03-6384-2010,,水〜日14:00〜21:30(LO21:00),月・火定休,,,,,,,,https://jader.jp/,,,https://tabelog.com/tokyo/A1309/A130902/13282135/,,,,,,犬同伴可(店内・テラス等の区別は出典に記載なし)。,2026-08-06,,,
beef0000-0000-4000-8000-000000000930,,MR.HIPPO COFFEE 市ヶ谷店,四谷・市ヶ谷,35.69146,139.73685,東京都千代田区九段北4-2-15 1F,,false,tokyo,九段北・市ヶ谷エリアのロフト付きカフェ。店内で愛犬と過ごせる。,03-6272-4728,,平日8:00〜20:00・土日祝10:00〜20:00,,,,,,,,,,@mr.hippocoffeeichigaya,,https://tabelog.com/tokyo/A1309/A130904/13300328/,true,,,,,店内犬同伴可(公式SNSに「ペットok」の記載あり)。,2026-08-06,,,https://www.instagram.com/p/DVWD_z5E7BB/
beef0000-0000-4000-8000-000000000940,,RESTAURANT 1899 OCHANOMIZU,秋葉原・御茶ノ水,35.69637,139.76555,東京都千代田区神田駿河台3-4,03-3251-1150,false,tokyo,御茶ノ水駅そば、ホテル龍名館お茶の水本店1階の日本茶をテーマにした創作和食レストラン。開放的なテラス席限定で小型〜大型犬と食事ができる。,03-3251-1150,予約専用050-3668-9900,ランチ11:00〜14:00(L.O.13:30)・カフェ14:00〜17:30(L.O.17:00)・ディナー17:00〜22:00(L.O.21:30),日曜・祝日定休（ディナーは一部の日祝で営業あり）,,,,,,,,https://1899.jp/ochanomizu/,@1899_official,,https://tabelog.com/tokyo/A1310/A131002/13170863/,false,true,true,,小型犬〜大型犬対応（サイズ制限の記載なし）,テラス席限定・屋内利用不可（公式ページに明記）。,2026-08-07,,,https://www.instagram.com/p/DbuRgrsj9VM/
beef0000-0000-4000-8000-000000000941,,PIZZERIA & BAR NOHGA（NOHGA HOTEL AKIHABARA TOKYO内）,秋葉原・御茶ノ水,35.70089,139.77080,東京都千代田区外神田3-10-11 NOHGA HOTEL AKIHABARA TOKYO 1F,03-6206-0607,false,tokyo,NOHGA HOTEL AKIHABARA TOKYO 1階のピッツェリア＆バー。外神田の路地に面したテラス席で大型犬を含む愛犬と食事ができる。,03-6206-0607,,朝食7:00〜10:00(L.O.9:30)・ランチ11:30〜15:00(L.O.15:00)・カフェ14:30〜17:00・ディナー17:30〜23:00(L.O.22:00、日曜は〜22:00・L.O.21:00),,,,,,,,,https://www.nohgahotel.com/akihabara/restaurant/,@nohgahotel.akihabara,,,false,true,true,,,テラス席限定・大型犬同伴可（出典記載）。,2026-08-07,,,https://www.instagram.com/p/C9hQko3yH6t/
beef0000-0000-4000-8000-000000000942,,Egoland Cafe Akihabara,秋葉原・御茶ノ水,35.69746,139.77953,東京都千代田区神田佐久間町4-7-3 1F,090-7955-0386,false,tokyo,秋葉原駅そばのドッグフレンドリーカフェ＆バー。1階カフェ・2階バーの構成で、店内・テラス席ともに犬同伴ができる。,090-7955-0386,,8:00〜24:00(L.O.23:30)・年中無休,,,,,,,,,,@egoland_jp,,https://tabelog.com/tokyo/A1310/A131002/13275599/,true,true,,,,天候等によりテラス利用不可の場合あり（来店前に公式Instagram等で要確認）。,2026-08-07,,,https://www.instagram.com/p/CzQU1IQBiK4/
beef0000-0000-4000-8000-000000000943,,北出食堂,秋葉原・御茶ノ水,35.69352,139.77899,東京都千代田区岩本町1-13-5 8ビル1F,03-6240-9920,false,tokyo,岩本町にあるNY仕込みの店主が作るタコス食堂。室内席でも愛犬同伴で食事ができる（犬用メニューはなし）。,03-6240-9920,,火〜金 ランチ11:30〜14:30・ディナー17:00〜20:00／土日祝 ブランチ11:30〜15:00・ディナー17:00〜20:00,月曜定休,定休,,,,,,,,,,,true,,,,,室内ワンコOK（出典記載）。犬用メニューはないため事前に食事を済ませておくことが推奨される。,2026-08-07,,,
beef0000-0000-4000-8000-000000000944,,THE BARBA TOKYO MEAT MEET,秋葉原・御茶ノ水,35.69531,139.77806,東京都千代田区岩本町3-5-8 シティプラザビル1F,03-5823-4943,false,tokyo,岩本町のカリフォルニア風メキシカン食堂＆バー。テラス席限定で愛犬と一緒に食事ができる。,03-5823-4943,,平日10:00〜20:30・土日10:00〜19:00・年中無休,,,,,,,,,https://thebarbatokyo.com/guide,@thebarbatokyomeatmeet,,https://tabelog.com/tokyo/A1310/A131002/13261132/,false,true,,,,テラス席限定・店内不可（出典記載）。,2026-08-07,,,https://www.instagram.com/p/DbsR5vimPez/
beef0000-0000-4000-8000-000000000980,,リキマルカフェ,勝どき・月島・晴海・豊海,35.66214,139.78021,東京都中央区月島3-15-3,,false,tokyo,関東大震災前の平屋長屋をリノベーションした月島の古民家カフェ。看板犬リキマル隊長がいるが、客自身の愛犬も同伴して過ごせる。,03-6910-1994,,,,,,,,,,,,,,,true,,,true,,犬用メニュー(ヤギミルク・ほねケーキ等)あり。愛犬同伴可能な席が用意されている(全席ではない可能性・詳細は要問合せ)。,2026-08-07,,,
beef0000-0000-4000-8000-000000000981,,もんじゃ ことぶきや,勝どき・月島・晴海・豊海,35.66323,139.78174,東京都中央区月島3-9-3,,false,tokyo,月島もんじゃストリートの一軒。もんじゃ振興会公式サイトで「どのお席でもペット同伴可」と案内されている、月島では珍しい店内ペットOKのもんじゃ店。,03-5534-8352,,平日11:30〜15:00・17:00〜22:30／土日祝11:30〜22:30,,"11:30-15:00,17:00-22:30","11:30-15:00,17:00-22:30","11:30-15:00,17:00-22:30","11:30-15:00,17:00-22:30","11:30-15:00,17:00-22:30",11:30-22:30,11:30-22:30,,,,,true,,,,,どの席でも犬同伴で食事可能(公式もんじゃ振興会サイトによる)。ペット用おやつ等の販売はなし。,2026-08-07,,,
beef0000-0000-4000-8000-000000000982,,inu to hito,勝どき・月島・晴海・豊海,35.66460,139.78110,東京都中央区月島1-16-1 1F,,false,tokyo,犬と人が同じ食事を共有できるコンセプトの月島のカフェ。全席犬同伴可でリードフック・ペットマットを常備。,,,月・火・金 15:00〜20:00(L.O.19:00)／土・日 11:00〜20:00(L.O.19:00),水・木定休,15:00-20:00,15:00-20:00,定休,定休,15:00-20:00,11:00-20:00,11:00-20:00,,@inu_to_hito.official,,https://tabelog.com/en/tokyo/A1313/A131302/13311823/,true,,,true,,全席犬同伴可(店内)。リードフック・ペットマット完備、ペットカート持込可。,2026-08-07,,,https://www.instagram.com/p/DMzhZO3RQgQ/
beef0000-0000-4000-8000-000000000983,,CAFE UNITE（カフェユニテ）,勝どき・月島・晴海・豊海,35.66404,139.78087,東京都中央区月島3-3-3,,false,tokyo,月島のクレープ・ガレット専門カフェ。食べログの店舗情報でペット店内可と案内されている。,,,,,,,,,,,,,,,https://tabelog.com/tokyo/A1313/A131302/13295482/,true,,,,,,2026-08-07,,,
beef0000-0000-4000-8000-000000000984,,ヴィータアットスタイル（Vita@stile）,勝どき・月島・晴海・豊海,35.66578,139.78243,東京都中央区月島1-14-7 旭倉庫,,false,tokyo,旭倉庫内にあるカフェ。看板犬ラッキーがいるが、来店客自身の愛犬も店内に同伴して過ごせる。,,,月〜金 09:00〜23:00,土日定休,09:00-23:00,09:00-23:00,09:00-23:00,09:00-23:00,09:00-23:00,定休,定休,,,,https://tabelog.com/tokyo/A1313/A131302/13197284/,true,,,,,来店客自身の犬を店内に同伴可(ブログ実例あり)。看板犬ラッキーも在店。,2026-08-07,,,
beef0000-0000-4000-8000-000000000985,,銀蕎麦 國定 勝どき店,勝どき・月島・晴海・豊海,35.65821,139.77734,東京都中央区勝どき2-12-10,,false,tokyo,銀座の蕎麦店の暖簾分け店。3階の完全個室が犬同伴可(要予約)。,03-6228-2715,,11:30〜14:00・17:00〜22:00,日曜・祝日・隔週月曜定休,,,,,,,,,,,,true,,,,,3階の貸切個室に限り犬同伴可・要予約(通常フロアの可否は不明)。,2026-08-07,,,
beef0000-0000-4000-8000-000000000986,,PASTA＆PIZZA WINE BAR YOLO,勝どき・月島・晴海・豊海,35.65966,139.77887,東京都中央区勝どき2-9-2 104,,false,tokyo,勝どき駅A2b出口すぐの薪窯ピザ・ワインバー。テラス席(6席)のみ犬同伴可。,03-3532-4228,,月〜土 17:00〜翌0:00／日・祝・祝前日 12:00〜翌0:00,,,,,,,,,https://winebar-yolo.com/,,,,false,true,,,,ペットはテラス席のみ(食べログ備考欄に明記)。,2026-08-07,,,
beef0000-0000-4000-8000-000000000987,,シェアーズ,勝どき・月島・晴海・豊海,35.65741,139.77455,東京都中央区勝どき3-8-8,,false,tokyo,勝どきの洋食・ステーキレストラン。犬連れ向けキュレーションサイトでテラス席のみ犬同伴可と紹介されている。,,,火〜金・祝 11:30〜15:00・18:00〜24:00／土日 14:00〜17:00・17:00〜24:00,月曜定休,,,,,,,,,,,,false,true,,,,テラス席のみ犬同伴可(単独出典・要追加確認)。,2026-08-07,,,
beef0000-0000-4000-8000-000000000988,,Cafe&Restaurant CENTRALE（セントラーレ）,勝どき・月島・晴海・豊海,35.65080,139.77470,東京都中央区晴海5-2-31 1F ららテラスHARUMI FLAG内,,false,tokyo,ららテラスHARUMI FLAG内のモダンイタリアン。テラス席のみ犬同伴可。,03-5534-9666,,,,,,,,,,,https://centrale.jp/,,,,false,true,,,,テラス席のみ犬同伴可(店内不可)。,2026-08-07,,,
beef0000-0000-4000-8000-000000000989,,O.GARDEN CAFE,勝どき・月島・晴海・豊海,35.64886,139.77055,東京都中央区晴海5-8 都立晴海ふ頭公園内 ConnecT HARUMI,,false,tokyo,晴海ふ頭公園内のカフェ・グリル施設。テラス席は公式サイトで「ワンちゃんもご一緒に」と案内。,,,【夏期3/20〜11/30】平日11:00〜18:00・土日祝10:00〜18:00／【冬期12/1〜3/19】平日11:00〜17:00・土日祝10:00〜17:00,火曜定休(祝日の場合翌日),,,,,,,,https://www.o-garden.tokyo/,,,,false,true,,,,テラス席のみ犬同伴可・リード必須・排泄物は飼主が処理(公式サイトによる)。,2026-08-07,,,
beef0000-0000-4000-8000-000000000990,,マグロ卸のフィッシャリーズテラス,勝どき・月島・晴海・豊海,35.65273,139.77106,東京都中央区豊海町3-13,,false,tokyo,豊海の朝潮運河沿いにあるマグロ卸直営の海鮮丼店。入口付近の限定席で犬同伴可。,,,,,,,,,,,,,,,,,true,,,,入口付近の限定席(約10席前後)のみ犬同伴可・保健所指導により席数制限あり・マナーベルト(オス)/パンツ(メス)着用必須(店内でも購入可・500円)・ランチタイムを避けた早めの時間帯を推奨。,2026-08-07,,,
beef0000-0000-4000-8000-000000000991,,チキンカントリー,勝どき・月島・晴海・豊海,35.66456,139.78178,東京都中央区月島1-18-6 1F・2F,,false,tokyo,月島のダイニング。食べログのペット可条件検索に該当し、犬連れ向けキュレーションサイトでは店内可能と案内されている。,,,,,,,,,,,,,,,,true,,,,,店内犬同伴可(単独系統2出典・要追加確認)。,2026-08-07,,,
beef0000-0000-4000-8000-000000000960,,Sammy331(サミーサミー),石神井公園・大泉学園,35.74185,139.60342,東京都練馬区石神井町6-9-3 1階,,false,tokyo,石神井公園駅そばの商店街にある新しいカフェ。看板犬サミーが出迎え、テラス席は犬同伴で利用できる。,,,11:30〜17:00(L.O.16:30)※プレオープン時情報のため要確認,,,,,,,,,,,,,,true,,,,店内の犬同伴可否は出典に記載なし。,2026-08-07,,,
beef0000-0000-4000-8000-000000000961,,ピッツェリア ジターリア ダ フィリッポ(PIZZERIA GTALIA DA FILIPPO),石神井公園・大泉学園,35.74441,139.60921,東京都練馬区石神井町2-13-5 グリーンハイム1F,,false,tokyo,石神井公園駅北口の商店街にある本格ナポリピッツェリア。テラス席限定で犬同伴が可能。,050-5590-4514,,12:00〜14:30、18:00〜21:30,,,,,,,,,https://gtalia.gorp.jp/,,,,false,true,,,,リード必須・カフェマットと食器の持参が必要。トイレのしつけ・予防接種済み・無駄吠えしつけが条件。ヒート中は利用不可。,2026-08-07,,,
beef0000-0000-4000-8000-000000000962,,ブッチャーズテーブル 石神井公園店,石神井公園・大泉学園,35.74333,139.60416,東京都練馬区石神井町3-27-20 早川ビル1F,,false,tokyo,石神井公園駅南口近くの人気グルメバーガー店の2号店。テラス席限定で犬同伴が可能。,03-6913-3808,,ランチ11:00〜15:00(L.O.14:00)・ディナー18:00〜22:00(L.O.21:00),年中無休(年末年始を除く),,,,,,,,,,,https://tabelog.com/en/tokyo/A1321/A132103/13270180/,false,true,,,,,2026-08-07,,,
beef0000-0000-4000-8000-000000000963,,CORNO BiANCO(コルノビアンコ),石神井公園・大泉学園,35.74215,139.59802,東京都練馬区石神井町6-26-18 1F,,false,tokyo,石神井公園駅西口徒歩8分の本格イタリアン。全席禁煙で、テラス席のみ喫煙・犬同伴が可能。,03-6324-0065,,ランチ11:30〜15:00(L.O.14:30)・ディナー17:30〜23:00(L.O.22:00),火曜定休,,,,,,,,,,,,false,true,,,,,2026-08-07,,,
beef0000-0000-4000-8000-000000000964,,豊島屋,石神井公園・大泉学園,35.73813,139.59750,東京都練馬区石神井台1-27-19,,false,tokyo,石神井公園内、大正時代から続く老舗の休憩処。テラス席のみ犬同伴で利用できる。,,,,,,,,,,,,,,,,false,true,,,,,2026-08-07,,,
beef0000-0000-4000-8000-000000000965,,Family Restaurant POT 大泉町店,石神井公園・大泉学園,35.75894,139.60411,東京都練馬区大泉町2-12-2 ステープル大泉101,,false,tokyo,石神井公園駅・大泉町エリアの本格町中華ファミリーレストラン。テラス席は犬・ペット同伴で利用できる。,03-4400-8222,,,,,,,,,,,https://www.family-restaurant-pot.com/,@pot_ooizumimachi,,https://tabelog.com/en/tokyo/A1321/A132103/13269526/,,true,,,,店内の犬同伴可否は出典に記載なし。,2026-08-07,,,https://www.instagram.com/p/Ca_EPALPdwy/
beef0000-0000-4000-8000-000000000966,,Italian Kitchen VANSAN 大泉学園店,石神井公園・大泉学園,35.75063,139.58452,東京都練馬区東大泉4-4-14,,false,tokyo,大泉学園駅すぐのイタリアンチェーン店。テラス席限定で犬同伴が可能で、犬用メニューも用意されている。,,,ランチ11:00〜15:00・ディナー15:00〜23:00,,,,,,,,,https://vansan-ltd.jp/vansan/vansan-oizumigakuen/,,,,false,true,,true,中型犬まで,リード・ペットカート利用可。犬用メニュー(特別フード・記念日ケーキ等)あり。,2026-08-07,,,
beef0000-0000-4000-8000-000000000967,,イタリアン リゾート ペルティカ 大泉学園店,石神井公園・大泉学園,35.75924,139.58868,東京都練馬区大泉学園町2-20-37,,false,tokyo,すかいらーくグループのリゾート風イタリアンレストラン。テラス席限定でペット(犬)同伴が可能。,03-5387-7057,,10:30〜23:00(L.O.22:00),,,,,,,,,https://www.nilax.jp/store/92,,,,false,true,,,,,2026-08-07,,,
beef0000-0000-4000-8000-000000000968,,ピッツェリア マルデナポリ大泉学園店(MAR-DE NAPOLI),石神井公園・大泉学園,35.75782,139.58969,東京都練馬区大泉学園町1-2-9,,false,tokyo,大泉学園の薪窯ナポリピッツァ専門店。2階テラス席でペット(犬)同伴が可能。,03-5933-0666,,11:00〜23:00,,,,,,,,,http://www.mar-denapoli.com/smart/store/ooizumigakuen.html,,,,,true,,,,店内の犬同伴可否は出典に記載なし。,2026-08-07,,,
beef0000-0000-4000-8000-000000001060,,FASTENING PETSALON&CAFE,綾瀬,35.76767,139.80969,東京都足立区弘道1-14-28 プルーリオン101,,false,tokyo,トリミングサロンに併設されたカフェ。ガラス越しに施術を見ながらコーヒーが飲め、小型〜大型犬まで店内同伴が可能。,03-5888-5811,,10:00〜19:00（予約状況により閉店時間が前後する場合あり）,木曜定休,10:00-19:00,10:00-19:00,10:00-19:00,定休,10:00-19:00,10:00-19:00,10:00-19:00,,@fastening_petsalon_cafe_t,,,true,,true,,,小型犬〜大型犬まで店内同伴可・各席にリードフックあり(トリミングサロン併設カフェ),2026-08-07,,,
beef0000-0000-4000-8000-000000001061,,Trattoria Santa Teresa,綾瀬,35.78339,139.83908,東京都足立区大谷田5-8-8 小泉ビル1F,,false,tokyo,綾瀬・亀有の中間にあるイタリアンレストラン。プチドッグラン併設で店内・テラスどちらでも犬同伴が可能。,03-5613-1277,,11:30〜14:30（L.O.14:00）/17:30〜23:00（L.O.22:30）,月曜定休,,,,,,,,,,,,true,true,,true,,プチドッグラン(約10m×1.2m)併設・犬用フードメニュー(蒸し鶏・ハンバーグ等)複数種あり・駐車場4台,2026-08-07,,,
beef0000-0000-4000-8000-000000001062,,PinoLand（ピノランド）,竹ノ塚,35.79384,139.78914,東京都足立区西竹の塚1-13-11 中島ビル1F,,false,tokyo,2024年11月オープンの犬同伴定食カフェ。室内ドッグランを併設し、食事と愛犬の運動を同時に楽しめる。,070-8980-7851,,平日11:00〜20:00（L.O.19:00）/土日祝11:00〜22:00（L.O.21:00）,水曜定休,,,,,,,,https://pino-land.net/,@pinoland.m,,,true,,,,,室内ドッグラン完備の犬同伴定食カフェ(イタリアングレーハウンドの看板犬ピノがいる),2026-08-07,,,
beef0000-0000-4000-8000-000000001063,,ボンマルシェ ボンテ 竹の塚店,竹ノ塚,35.79080,139.79321,東京都足立区竹の塚1-13-16 フラット竹の塚1F,,false,tokyo,竹ノ塚駅東口から徒歩約8分、赤山街道沿いのイタリアンレストラン。テラス席に限り犬同伴が可能。,,,月・火・木〜日・祝11:30〜15:00/17:30〜23:00,水曜定休（15名以上の貸切は要相談）,,,,,,,,,,,,,true,,,,テラス席8席限定で犬同伴可(店内は不可)。散歩の休憩利用にも言及あり,2026-08-07,,,
beef0000-0000-4000-8000-000000001064,,めいちゃん家,西新井,35.79125,139.77115,東京都足立区西伊興1-16-13,,false,tokyo,舎人公園近くのもんじゃ焼き・お好み焼き店。来店客の多くが犬連れで、ワンコ用フォトスポットもある。,03-3899-2819,,11:30〜15:00/18:00〜23:00,水曜・木曜定休,,,,,,,,,,https://x.com/mei_chanchi,,true,,true,,,店内で犬同伴可・来店客の約7割が犬連れとの紹介・ワンコ用フォトスポットあり,2026-08-07,,,
beef0000-0000-4000-8000-000000001065,,ワインとアテ bikini,綾瀬,35.76250,139.82901,東京都足立区綾瀬3-11-13,,false,tokyo,綾瀬駅東口すぐのワインバー。テラス席（6席）限定で犬同伴が可能。,,,火〜木16:00〜23:00/金16:00〜翌0:00/土12:00〜翌0:00/日12:00〜23:00,月曜定休,,,,,,,,,,,,,true,,,,テラス席6席限定で犬同伴可(店内不可),2026-08-07,,,
beef0000-0000-4000-8000-000000001066,,やきとり家 すみれ 綾瀬店,綾瀬,35.76141,139.82689,東京都足立区綾瀬2-23-3 1F,,false,tokyo,綾瀬駅徒歩1分の焼き鳥店。テラス席で犬同伴が可能(店内可否は出典に明記なし)。,050-5487-4627,,月〜木16:00〜23:00/金16:00〜24:00/土12:00〜24:00/日・祝12:00〜23:00,,,,,,,,,,,,,,true,,,,テラス席8席でペット歓迎。店内可否は出典に明記なし・要問合せ。,2026-08-07,,,
beef0000-0000-4000-8000-000000001067,,串焼き 大地 綾瀬店,綾瀬,35.76111,139.82661,東京都足立区綾瀬2-24-11 ホワイトハウス1F,,false,tokyo,綾瀬駅徒歩5分の串焼き居酒屋。テラス席（12席）限定で犬同伴が可能。,03-3602-2011,,月〜金・祝前日16:00〜翌0:00/土日祝13:00〜翌0:00,,,,,,,,,,,,,,true,,,,テラス席(12席)限定で犬同伴可(店内不可),2026-08-07,,,
beef0000-0000-4000-8000-000000001068,,パステリカ（Pastelika）,竹ノ塚,35.79522,139.79005,東京都足立区西竹の塚2-4-1 1F,,false,tokyo,竹ノ塚駅西口徒歩3分の多国籍カフェ&バー。ブラジル・タイ料理などが楽しめる。,050-5869-6620,,10:00〜21:00（料理L.O.20:00、ドリンクL.O.20:30）,火曜定休（その他不定休あり）,,,,,,,,,,,,,,,,,ペット可の記載あり(店内/テラスの区別記載なし・要問合せ),2026-08-07,,,
beef0000-0000-4000-8000-000000001069,,イタリアンレストラン Vivo 足立,竹ノ塚,35.79365,139.80701,東京都足立区保木間2-16-1,,false,tokyo,薪窯ピザが看板の下町イタリアン。ペット同伴可の記載あり、テラステーブル1卓もある。,050-5494-6507,,火・水・金〜日11:30〜14:30（L.O.14:00）/17:30〜22:00（L.O.21:30）,月曜・木曜定休,,,,,,,,,,,,,,,,,ペット可の記載あり(店内/テラスの区別記載なし・要問合せ)。テラステーブル1卓(4名)あり,2026-08-07,,,
beef0000-0000-4000-8000-000000001080,,Copan,東中野・落合・中野坂上,35.70459,139.686127,東京都中野区東中野1-37-9 アネックス大館1F1-A号,,false,tokyo,東中野駅東口すぐの、ドッグカフェ・トリミング・ペットホテルを併設した犬同伴専門店。,03-5348-8858,,10:00〜20:00,不定休,,,,,,,,https://copan.pet/,,,,true,,,true,,犬向けアイスやハーブ、パスタ等のドッグメニューを提供。他の犬が苦手な子向けの個別スペースあり。※公式HPは『テイクアウトのみ』と表示。itsumo.dog は店内可と記載。,2026-08-07,,,
beef0000-0000-4000-8000-000000001081,,ピザとハイボール UN COEUR(アンクール) 東中野店,東中野・落合・中野坂上,35.704147,139.682327,東京都中野区東中野2-20-11,,false,tokyo,東中野駅近くのピザ&ハイボールが楽しめるダイニングバー。テラス席は愛犬と一緒に利用できる。,,,18:00〜24:00(フードL.O.23:00・ドリンクL.O.23:30),日曜定休,,,,,,,,,@un_coeur_higashinakano,,https://tabelog.com/tokyo/A1319/A131901/13213636/,false,true,true,,,テラス席は全犬種同伴可。2階貸切での「わんこ会」利用にも対応。※Yahoo!ロコでは木曜定休との情報あり・要確認。,2026-08-07,,,
beef0000-0000-4000-8000-000000001082,,ピッツェリア チーロ 東中野店,東中野・落合・中野坂上,35.706936,139.682602,東京都中野区東中野3-8-3 フェニックスビル1F,,false,tokyo,東中野の窯焼きナポリピッツァ専門店。テラス席で愛犬と一緒に食事ができる。,03-6426-0309,,11:30〜15:00(L.O.14:30)、17:00〜22:00(L.O.21:30),水曜定休,,,,,,,,,,,https://tabelog.com/tokyo/A1319/A131901/13115030/,false,true,,,,テラス席のみ犬同伴可(店内不可)。出典はブログ1件のみ（食べログにペット可タグなし）・要追加確認。,2026-08-07,,,
beef0000-0000-4000-8000-000000001083,,リズ,東中野・落合・中野坂上,35.703876,139.682617,東京都中野区東中野1-31-7 山繁コーポラス1F,,false,tokyo,映画関係者ゆかりの東中野の老舗おでん・スナック。愛犬と一緒に店内で過ごせる。,03-3361-6990,,18:00〜02:00(L.O.01:30)、土日19:00〜02:00、祝日等19:00〜01:00,,,,,,,,,https://higashinakanorizu.shopinfo.jp/,,,https://tabelog.com/tokyo/A1319/A131901/13174155/,true,,,,,店内への犬同伴可。,2026-08-07,,,
beef0000-0000-4000-8000-000000001084,,千串屋 東中野店,東中野・落合・中野坂上,35.706104,139.684402,東京都中野区東中野1-56-8 日生ビル1F,,false,tokyo,地鶏の焼き鳥が自慢の東中野の居酒屋。テラス席は愛犬と同伴で利用できる。,050-5589-3960,,平日16:00〜23:30(ドリンクL.O.23:00)、土日祝15:00〜23:30,年末年始(12/31〜1/4),,,,,,,,,,,https://tabelog.com/tokyo/A1319/A131901/13171442/,false,true,,,,ペットはテラス席のみ可。,2026-08-07,,,
beef0000-0000-4000-8000-000000001085,,フォーヴァビアホイ,東中野・落合・中野坂上,35.705959,139.685425,東京都中野区東中野1-51-13 大島ビル第一別館101,,false,tokyo,本場ベトナムのフォーや生春巻きが楽しめる東中野の専門店。テラス席は愛犬と利用できる。,03-6908-5998,,12:00〜14:00(L.O.13:30)、17:00〜22:00(L.O.料理21:00・ドリンク21:30),不定休,,,,,,,,,,,https://tabelog.com/tokyo/A1319/A131901/13215877/,false,true,,,,ペット可(テラス席のみ)。,2026-08-07,,,
beef0000-0000-4000-8000-000000001086,,けむっ亭,東中野・落合・中野坂上,35.706451,139.684891,東京都中野区東中野4-3-2 川崎ビル1F,,false,tokyo,東中野駅すぐの炉端焼き居酒屋。事前予約すれば愛犬と一緒に入店できる。,050-5890-3534,,火・木・祝17:00〜02:00(L.O.料理01:00・ドリンク01:30)、金・土・祝前日17:00〜05:00、日17:00〜00:00,月曜定休,,,,,,,,,,,https://tabelog.com/tokyo/A1319/A131901/13057111/,true,,,,,事前予約制。大人しい犬に限り、マナーベルトまたはペットカート着用必須。,2026-08-07,,,
beef0000-0000-4000-8000-000000001087,,KUMA CANTINA,東中野・落合・中野坂上,35.706367,139.680435,東京都中野区東中野3-2-7 FAITH 1F,,false,tokyo,東中野のクリエイティブなメキシコ料理が楽しめるダイニングバー。,050-5594-6755,,火18:00〜23:29(L.O.22:00)、水〜土18:00〜23:00、日11:00〜16:00/18:00〜23:00,月曜定休,,,,,,,,,,,https://tabelog.com/tokyo/A1319/A131901/13297114/,,,,,,犬同伴可(店内・テラス等の区別は出典に記載なし)。,2026-08-07,,,
beef0000-0000-4000-8000-000000001088,,おにりき with awake,東中野・落合・中野坂上,35.705349,139.6828,東京都中野区東中野1-59-6,,false,tokyo,東中野のおにぎり専門店。カウンター3席のイートインスペースで愛犬と一緒に過ごせる。,,,09:00〜18:00,不定休(Instagramで告知),,,,,,,,,,,https://tabelog.com/tokyo/A1319/A131901/13320691/,true,,,,,カウンター席でのイートイン利用時に犬同伴可。店内/席の区別は出典に明記なし（カウンターのみの店構成からの推定）。,2026-08-07,,,
beef0000-0000-4000-8000-000000001089,,カラオケ処Bar めめ,東中野・落合・中野坂上,35.70647,139.686172,東京都中野区東中野4-1-1 英ビルB1F,,false,tokyo,東中野駅すぐのアロマ漂う隠れ家的カラオケバー。小型犬に限り同伴入店できる。,,,月・火・木・金・土18:30〜00:00、日18:00〜23:00,水曜定休(日曜も不定期休あり),,,,,,,,,,,https://tabelog.com/tokyo/A1319/A131901/13281649/,true,,,,小型犬のみ,小型犬入店可。お子様の入店は不可。,2026-08-07,,,
beef0000-0000-4000-8000-000000001090,,COZY STYLE COFFEE,東中野・落合・中野坂上,35.710175,139.683334,東京都新宿区上落合3-10-3 丸山ビル1F,,false,tokyo,上落合のこだわりコーヒーが飲めるオープンテラス付きカフェ。テラス席は愛犬と利用できる。,03-6304-0451,,火〜金09:00〜20:00、土日10:00〜19:00,月曜定休,,,,,,,,,,,https://tabelog.com/tokyo/A1319/A131901/13220114/,,true,,,,テラス席のみ犬同伴可(店内の可否は出典に記載なし)。,2026-08-07,,,
beef0000-0000-4000-8000-000000001091,,麺酒場 さかのうえ,東中野・落合・中野坂上,35.697487,139.684021,東京都中野区中央1-33-7 山田ビル1F,,false,tokyo,中野坂上の「津本式究極の血抜き」魚を使うラーメン居酒屋。ペット可個室が1室あり、電話予約で愛犬と入店できる。,03-6908-5136,,月・土・祝前後日11:00〜00:00(L.O.23:00)、火〜金11:00〜05:00(L.O.料理04:00・ドリンク04:30)、祝日11:00〜00:00,日曜定休,,,,,,,,,,,https://tabelog.com/tokyo/A1319/A131903/13298597/,true,,,,,ペット可個室が1室のみ。個室利用は電話予約必須(15時以降は要確認)。,2026-08-07,,,
beef0000-0000-4000-8000-000000001092,,カフェ エナジャイズ,東中野・落合・中野坂上,35.692303,139.680939,東京都中野区本町2-5-6,,false,tokyo,中野坂上・西新宿五丁目エリアの隠れ家的カフェ。テラス席は愛犬と一緒に利用できる。,03-6300-0107,,日 8:00〜16:00,,,,,,,,,,,,https://tabelog.com/tokyo/A1319/A131903/13251746/,,true,,,,テラス席でペット可(店内可否は出典に記載なし)。出典は2020年頃の食べログ口コミ1件のみ・低確度・要現地確認。,2026-08-07,,,
beef0000-0000-4000-8000-000000001093,,SmB CAFE,東中野・落合・中野坂上,35.696945,139.676163,東京都中野区本町3-31-2 和甲第一マンション,,false,tokyo,萬国コーヒーが営む中野坂上のスペシャルティコーヒー専門カフェ。テラス席は愛犬と利用できる。,03-3373-5258,,月・火09:00〜18:00、水〜金09:00〜19:00、日・祝11:00〜18:00,土曜定休,,,,,,,,,,,https://tabelog.com/tokyo/A1319/A131903/13115876/,false,true,,,,テラス席のみペット可。,2026-08-07,,,
beef0000-0000-4000-8000-000000001094,,イエ ヘアーボタニカルコーヒー,東中野・落合・中野坂上,35.69421,139.682465,東京都中野区本町1-23-7 プレジール中野坂上1F,,false,tokyo,中野坂上のヘアサロンに併設されたテイクアウトコーヒースタンド。カウンター6席で愛犬と一緒に過ごせる。,03-5350-5752,,月・木・金11:00〜20:00、水13:00〜22:00、土10:00〜19:00、日10:00〜18:00,火曜定休(他不定休あり),,,,,,,,,,,https://tabelog.com/tokyo/A1319/A131903/13171221/,,,,,,犬同伴可(店内・テラス等の区別は出典に記載なし)。,2026-08-07,,,
beef0000-0000-4000-8000-000000001095,,NICO BAGEL,東中野・落合・中野坂上,35.695538,139.68222,東京都中野区本町2-45-2 1F,,false,tokyo,2026年3月開業のニューヨークスタイル自家製ベーグル専門店。テラス席は愛犬と利用できる。,,,10:00〜17:00,無休,,,,,,,,,,,https://tabelog.com/tokyo/A1319/A131903/13319944/,false,true,,,,ペットはテラス席のみ可。,2026-08-07,,,
beef0000-0000-4000-8000-000000001096,,Cyan coffee,東中野・落合・中野坂上,35.694759,139.674164,東京都中野区本町4-2-14,,false,tokyo,中野新橋・中野坂上エリアの「思案珈琲」の看板が目印のコーヒースタンド。,,,火〜日09:00〜17:00,月曜定休,,,,,,,,,,,https://tabelog.com/tokyo/A1319/A131903/13300102/,,,,,,複数の食べログ口コミで店内犬同伴可を確認。テラス等の区別は出典に記載なし。,2026-08-07,,,
beef0000-0000-4000-8000-000000001097,,カクウチカフェ Okayoshi(岡芳商店),東中野・落合・中野坂上,35.697578,139.687485,東京都新宿区北新宿2-22-1,,false,tokyo,神田川沿い、中野坂上と西新宿の間にある角打ちカフェ。テラス席は愛犬と利用できる。,070-3280-7200,,水〜金15:00〜22:00(L.O.料理21:00・ドリンク21:30)、土13:00〜22:00、日13:00〜18:00(L.O.料理17:00・ドリンク17:30),月・火定休,,,,,,,,,@okayoshi_syouten,,https://tabelog.com/tokyo/A1304/A130401/13283668/,false,true,,,,ペット可(テラス席のみ)。,2026-08-07,,,
beef0000-0000-4000-8000-000000001040,,串銀蔵,亀戸・大島・東陽町・南砂,35.69858,139.82423,東京都江東区亀戸2-25-12,,false,tokyo,亀戸駅近くの焼き鳥居酒屋。看板犬のキャバリアがいる犬同伴OKの店で、味付けなしの串焼きを犬用に提供する。,03-6802-9877,,平日17:00〜22:00・土曜16:00〜22:00・日祝16:00〜21:00,毎週月曜定休,定休,17:00-22:00,17:00-22:00,17:00-22:00,17:00-22:00,16:00-22:00,16:00-21:00,,@kushiginzou,,,true,,true,true,,全45席中16席が犬同伴可・味付けなしの串焼きを犬用に提供・保健所の許可を得た上で営業(公式Instagram・紹介記事),2026-08-07,,,
beef0000-0000-4000-8000-000000001041,,cafe italiano LA STELLA（カフェ イタリアーノ ラ・ステラ）,亀戸・大島・東陽町・南砂,35.70297,139.82170,東京都江東区亀戸3-43-17 ウイング亀戸1F,,false,tokyo,亀戸天神近くの本格イタリアン。店内は小型犬のみ、テラス席は中〜大型犬まで同伴でき、手作りの犬用メニューも提供する。,03-5875-0713,,11:30〜22:00(L.O.22:00),火曜定休,11:30-22:00,定休,11:30-22:00,11:30-22:00,11:30-22:00,11:30-22:00,11:30-22:00,,,,,true,true,true,true,店内は小型犬のみ・テラス席は中型〜大型犬も同伴可,リード必須・予防接種済みが条件・椅子やソファに乗せる際は犬用敷物持参・手作りドッグメニューあり(itsumo.dog),2026-08-07,,,
beef0000-0000-4000-8000-000000001042,,Cafe むすび 亀戸本店,亀戸・大島・東陽町・南砂,35.69821,139.83676,東京都江東区亀戸7-19-7,,false,tokyo,無農薬玄米を使ったベジカフェ。人と犬の心をむすぶ空間をコンセプトに、犬用メニューの提供あり。,03-6874-1259,予約推奨,11:00〜20:00(L.O.19:00),毎週木曜・第1水曜定休,11:00-20:00,11:00-20:00,11:00-20:00,定休,11:00-20:00,11:00-20:00,11:00-20:00,,,,,true,,true,true,,トイレのしつけ・予防接種・無駄吠えのしつけが必須・リード使用とカフェマット持参が必須・ヒート中の利用不可(go-with-pet.com),2026-08-07,,,
beef0000-0000-4000-8000-000000001043,,カフェ・パークサイド,亀戸・大島・東陽町・南砂,35.69856,139.83852,東京都江東区亀戸9-36-14,,false,tokyo,亀戸中央公園そばの自家焙煎コーヒー店。全犬種同伴可でドッグメニューも用意する。,03-5609-0162,,11:00〜17:00,毎週月曜定休,定休,11:00-17:00,11:00-17:00,11:00-17:00,11:00-17:00,11:00-17:00,11:00-17:00,https://www.cafe-parkside.shop/,@cafe.parkside,,,true,,true,true,,マナーおむつ着用・ドッグメニュー1品以上の注文が条件・お水サービスあり(itsumo.dog),2026-08-07,,,
beef0000-0000-4000-8000-000000001044,,ドッグカフェ アプリコット,亀戸・大島・東陽町・南砂,35.66972,139.83908,東京都江東区東砂7-1-28,,false,tokyo,南砂町駅から徒歩10分のドッグカフェ。店内・テラスともに犬同伴可で、カート利用にも対応する。,03-6458-4503,,11:30〜(L.O.18:00),月〜水曜定休,定休,定休,定休,11:30-18:00,11:30-18:00,11:30-18:00,11:30-18:00,https://www.dog-cafe-apricot.tokyo/,@dogcafeapricot,,,true,true,,,大型犬は店内利用は要相談,リード必須・予防接種/混合ワクチン接種済みが条件・ヒート中不可・1歳未満はマナーパンツ/ベルト必須・店内はカート使用または床でのステイ(公式サイト),2026-08-07,,,
beef0000-0000-4000-8000-000000001045,,goodcoffee 東陽町,亀戸・大島・東陽町・南砂,35.67125,139.81970,東京都江東区南砂2-5-14 Toyocho green+ 1F,,false,tokyo,東陽町駅近くの木の温もりを感じるコーヒースタンド。テラス席のみ犬同伴可で、散歩の休憩にも利用しやすい。,,,9:00〜17:00(L.O.16:30),月曜・日曜定休,定休,9:00-17:00,9:00-17:00,9:00-17:00,9:00-17:00,9:00-17:00,定休,,,,,false,true,,,,店内不可・外のテラス席のみ犬同伴可(ブログ・食べログ),2026-08-07,,,
beef0000-0000-4000-8000-000000001046,,CONTAINER CAFE 2187（コンテナカフェ2187）,亀戸・大島・東陽町・南砂,35.66724,139.81975,東京都江東区新砂1-1-1 汐浜テラス,,false,tokyo,汐浜運河沿いのコンテナを利用したカフェ。オープンテラス(ウッドデッキ)席があり、天候の良い日は散歩中の犬連れ客も多い。,,,平日11:00〜14:00・土日祝11:00〜15:00(天候により変動),月曜定休(祝日の場合は翌火曜)・荒天時休業あり,定休,11:00-14:00,11:00-14:00,11:00-14:00,11:00-14:00,11:00-15:00,11:00-15:00,,@containercafe2187,,,false,true,,,,オープンテラス(ウッドデッキ)席あり・ペット可。出典に屋内/屋外の犬可否区分の明記なし。,2026-08-07,,,
beef0000-0000-4000-8000-000000001000,,BODEGA,大森・大井,35.58727,139.72952,東京都大田区大森北1-12-2,03-6450-0800,false,tokyo,大森駅東口徒歩3〜4分の裏路地イタリアン・ダイニングバー。店内で犬と食事ができ、姉妹店に焼肉ぼんぼりがある。,03-6450-0800,,11:30〜14:00(L.O.13:45)・17:00〜23:00(L.O.22:30)※時期により時短営業あり,日曜定休,,,,,,,,https://bodega-oomori.amebaownd.com/,bodega_omori,,https://tabelog.com/tokyo/A1315/A131502/13266320/,true,,true,,,狂犬病ワクチン接種済みの犬に限り店内可。店内はリード着用必須・テーブルに犬を乗せない。小型〜大型犬OK・お水サービスあり。,2026-08-07,,,
beef0000-0000-4000-8000-000000001001,,焼肉 ぼんぼり,大森・大井,35.58653,139.72754,東京都大田区大森北1-8-11 紅屋ビル2F,03-6450-0929,false,tokyo,大森駅東口徒歩4分の焼肉店。日曜・月曜限定の完全予約制で愛犬と店内焼肉が楽しめる、BODEGAの姉妹店。,03-6450-0929,犬同伴は日曜・月曜限定の完全予約制(要電話予約),17:00〜23:00(L.O.22:30),水曜定休(犬同伴受け入れは日曜・月曜のみ),,,,,,,,,,,https://tabelog.com/tokyo/A1315/A131502/13273684/,true,,true,true,,犬同伴可能は日曜・月曜のみ(完全予約制・要電話予約)。狂犬病ワクチン接種済みの犬に限る。トイレシート使用不可、マナーパンツ推奨。姉妹店はBODEGA(大森)。,2026-08-07,,,
beef0000-0000-4000-8000-000000001002,,match box（マッチ ボックス）,大森・大井,35.58727,139.72952,東京都大田区大森北1-12-2,,false,tokyo,大森駅徒歩4分、カレー・オムライスが名物の隠れ家的洋食店。大森では数少ない店内犬同伴OKの一軒。,,,月〜金11:00〜14:00・17:00〜22:00/土11:00〜15:00・17:00〜22:00,日曜定休,,,,,,,,,,,https://tabelog.com/tokyo/A1315/A131502/13264734/,true,,,,,店内犬同伴可(サイズ制限・ドッグメニュー等の詳細記載なし)。BODEGAと同じ建物内。単独系統出典のため要重点検証。,2026-08-07,,,
beef0000-0000-4000-8000-000000001003,,god dog,大森・大井,35.59020,139.72963,東京都品川区南大井6-17-18,03-4363-6815,false,tokyo,大森駅北口徒歩2分の自家製ソーセージのホットドッグ専門店。散歩中の犬連れの立ち寄りも歓迎する店内犬同伴可の店。,03-4363-6815,,水・木・金11:00〜18:00(バータイム18:00〜22:00)/土日祝11:00〜19:00,月曜・火曜定休,,,,,,,,,goddogtokyo,,https://tabelog.com/tokyo/A1315/A131502/13294226/,true,,,,,店内犬同伴可(サイズ制限記載なし)。,2026-08-07,,,
beef0000-0000-4000-8000-000000001004,,RAMONEBURGER（ラモーンバーガー）,大森・大井,35.59172,139.73346,東京都品川区南大井6-8-9 クリエイティブガーデン桜通り1F,080-7413-4106,false,tokyo,南大井のガレージ風ハンバーガースタンド。店内(カウンター席中心)で犬同伴が可能。,080-7413-4106,,11:30〜18:00(当日分パティなくなり次第終了),水曜定休(祝日の場合は営業),,,,,,,,,,,https://tabelog.com/tokyo/A1315/A131502/13282499/,true,false,,,,店内(カウンター席中心)で犬同伴可。出典に特段の条件記載なし。,2026-08-07,,,
beef0000-0000-4000-8000-000000001005,,Faifo,大森・大井,35.59022,139.73271,東京都品川区南大井6-19-10 岳南大森ビル1F,03-5767-6738,false,tokyo,大森駅北口徒歩5分のベトナム・アジアン料理店。テラス席に限り犬同伴が可能。,03-5767-6738,,月〜金11:30〜14:00(L.O.13:30)・17:00〜22:00(L.O.21:30)/土・祝前後日17:00〜22:00(L.O.21:30),日曜・祝日、冬季休暇,,,,,,,,,,,https://tabelog.com/tokyo/A1315/A131502/13112656/,false,true,,,,旧店名REN。ペットはテラス席のみ利用可(店内不可)。,2026-08-07,,,
beef0000-0000-4000-8000-000000001006,,中国料理 菜香園,大森・大井,35.58422,139.73544,東京都大田区大森北3-42-1,03-3763-6328,false,tokyo,大森海岸駅徒歩5分の中華料理店。手作り餃子が評判で、テラス席に限り犬同伴が可能。,03-3763-6328,,月〜水・金〜日11:00〜14:30・17:00〜22:30,木曜定休,,,,,,,,,,,https://tabelog.com/tokyo/A1315/A131502/13105897/,false,true,,,,ペットはテラス席のみ(店内不可)。,2026-08-07,,,
beef0000-0000-4000-8000-000000001007,,インド・ネパール料理 ロードブッダ 大森店,大森・大井,35.58843,139.73505,東京都品川区南大井3-31-19 大森エイコウビルB1F,03-5753-5678,false,tokyo,大森海岸駅徒歩2分のインド・ネパール料理店。テラス席に限り犬同伴が可能。,03-5753-5678,,11:00〜22:00,年中無休(推定・要公式確認),,,,,,,,,,,https://tabelog.com/tokyo/A1315/A131502/13043635/,false,true,,,,ペットはテラス席のみ利用可(店内不可)。,2026-08-07,,,
beef0000-0000-4000-8000-000000001008,,Dining kitchen VENT MARCHE 大森店,大森・大井,35.58444,139.72957,東京都大田区大森北4-8-9 1F,03-6404-9576,false,tokyo,大森駅近くのイタリアン・ダイニングバー。洋服・マット着用を条件に店内も犬同伴可、テラス席は条件なしで利用できる。,03-6404-9576,犬同伴での来店は事前連絡推奨,火〜金11:30〜14:30(L.O.14:00)・17:30〜22:00(L.O.21:00)/土日祝11:30〜15:00(L.O.14:30)・17:30〜22:00(L.O.21:00),月曜定休,,,,,,,,,,,https://tabelog.com/tokyo/A1315/A131502/13239099/,true,true,,,,店内利用は体の6割以上隠れる洋服とペットシート/ブランケット必須(吠える場合は退店を求められることがある)。テラス席は洋服の着用は問わない。ペットカート利用は要電話確認。,2026-08-07,,,
beef0000-0000-4000-8000-000000001009,,ふるはまレストラン,大森・大井,35.57437,139.74103,東京都大田区大森東1-37-1（大森ふるさとの浜辺公園内）,03-3768-6204,false,tokyo,大森ふるさとの浜辺公園内の食堂。ナポリタンやホットドッグが名物で、テラス席に限り犬同伴が可能。,03-3768-6204,,土・日・祝08:30〜20:30,月〜金定休(公園内店舗のため平日休業),,,,,,,,,,,https://tabelog.com/tokyo/A1315/A131502/13223378/,false,true,,,,ペットはテラス席のみ同伴可(店内不可)。,2026-08-07,,,
beef0000-0000-4000-8000-000000001010,,ふる浜売店,大森・大井,35.57437,139.74103,東京都大田区大森東1-37-1（大森ふるさとの浜辺公園内）,,false,tokyo,大森ふるさとの浜辺公園内の売店。弁当・おにぎりのテイクアウトができ、テラス席に限り犬同伴が可能。,,,,ふるはまレストランと同じ公園内(営業時間は未確認),,,,,,,,,,,https://tabelog.com/tokyo/A1315/A131502/13094592/,false,true,,,,ペットはテラス席のみ同伴可(店内不可)。園内の弁当・おにぎり売店。,2026-08-07,,,
beef0000-0000-4000-8000-000000001011,,仙六屋,大森・大井,35.56756,139.72905,東京都大田区大森西6-16-18 梅森プラットフォーム,03-6404-6907,false,tokyo,梅屋敷駅徒歩30秒の複合施設「梅森プラットフォーム」内のカフェ。ガーデンエリアに限り犬同伴が可能。,03-6404-6907,,11:00〜18:00,水曜定休,,,,,,,,https://senrokuya.jp/senrokuya_cafe/,,,,false,true,,,,ガーデンエリアのみペット同伴可(店内は不可)。単独出典(itsumo.dog、2020年更新)のため要重点検証。,2026-08-07,,,
beef0000-0000-4000-8000-000000001020,,トレートール サクラ（旧サクラテラス）,駒込,35.73806,139.74008,東京都豊島区駒込5-4-28 1F,03-6903-4122,false,tokyo,ソメイヨシノ発祥の地・駒込の住宅街にある週末営業のカフェ。2026年4月にサクラテラスから店名変更した。,03-6903-4122,,金・土・日 11:00〜18:00（夏季11:30〜18:30）月〜木定休,月〜木定休,定休,定休,定休,定休,11:00-18:00,11:00-18:00,11:00-18:00,https://tretar-sakura.jp,@tretar_sakura,,,true,true,,,,旧サクラテラス時代は来店犬へのおやつサービスや、テラス席での大型犬対応の情報があったが、店名変更後の最新情報では大型犬可否は未確認。,2026-08-07,,,
beef0000-0000-4000-8000-000000001021,,カフェ さおとめ,本駒込,35.73244,139.75789,東京都文京区本駒込4-40-6 メゾン・ド・ヴィレ本駒込,03-3821-0808,false,tokyo,本駒込のカフェ／喫茶店。テラス席(店内にある区画)で犬と食事ができる。,03-3821-0808,,月・火・木・金・土・日 09:00〜18:00（水曜定休）,水曜定休,9:00-18:00,9:00-18:00,定休,9:00-18:00,9:00-18:00,9:00-18:00,9:00-18:00,,,,https://tabelog.com/tokyo/A1323/A132301/13021235/,false,true,,true,,テラス席は店内にある区画。お水提供の記載なし。,2026-08-07,,,
beef0000-0000-4000-8000-000000001022,,レトロフィッシュカフェ,駒込,35.74069,139.74419,東京都豊島区駒込3-30-2,03-3918-0810,false,tokyo,駒込・染井銀座商店街にある喫茶店。看板犬が迎えてくれることもあり、愛犬同伴で店内利用ができる。,03-3918-0810,,月・火・金・土・日 12:00〜19:00（水・木定休）,水・木定休,12:00-19:00,12:00-19:00,定休,定休,12:00-19:00,12:00-19:00,12:00-19:00,,,,https://tabelog.com/tokyo/A1323/A132301/13165002/,true,,,false,,看板犬（ゴールデンレトリバー）が在店することがある。店内喫煙可のため注意。,2026-08-07,,,
beef0000-0000-4000-8000-000000001023,,Cafe Port Glasgow（カフェ ポート グラスゴー）,巣鴨,35.73359,139.74178,東京都豊島区巣鴨1-6-6 ヴィラ東邦ホワイトテラス1F,03-6902-0818,false,tokyo,巣鴨駅南口近くのスコットランド・グラスゴーをテーマにしたカフェ&パブ。テラス席で大型犬まで同伴できる。,03-6902-0818,,月〜日 09:00〜21:30,,9:00-21:30,9:00-21:30,9:00-21:30,9:00-21:30,9:00-21:30,9:00-21:30,9:00-21:30,https://cafeportglasgow.mystrikingly.com,@cafe_port_glasgow,,https://tabelog.com/tokyo/A1323/A132301/13281755/,false,true,true,false,,テラス席はハイチェア+樽テーブル席、スノーピークのチェア&テーブル席の2種類。カート利用可。マナーウェアは任意。,2026-08-07,,,
beef0000-0000-4000-8000-000000001024,,AMBER PLACE（アンバープレイス）,西巣鴨,35.74200,139.72891,東京都豊島区西巣鴨3-21-15 サンパレス西巣鴨,03-5961-4774,false,tokyo,西巣鴨の路地裏にあるアメリカンなハンバーガー専門店。入口近くのカウンター席とテラス席の一部で犬同伴ができる。,03-5961-4774,,水〜日 11:30〜16:00（売り切れ次第終了）月・火定休,月・火定休,定休,定休,11:30-16:00,11:30-16:00,11:30-16:00,11:30-16:00,11:30-16:00,,@amber_place,,https://tabelog.com/tokyo/A1322/A132201/13220306/,true,true,,,,犬同伴可能な席は入口付近のカウンター席・テラス席の一部のみ（出典により1〜2席と記載に幅あり）。お水・おやつのサービスあり。混雑時は電話での順番待ち登録可。,2026-08-07,,,
beef0000-0000-4000-8000-000000001025,,地蔵そば 大橋屋,巣鴨,35.73529,139.73567,東京都豊島区巣鴨3-34-3 フラワーコーポ1F・2F,03-3918-3434,false,tokyo,巣鴨・とげぬき地蔵通り商店街にある大正11年創業の老舗そば店。事前予約制で犬同伴利用ができる。,03-3918-3434,,11:00〜18:00（L.O.17:45）年中無休,年中無休（年末年始・GW等は犬同伴不可の場合あり）,11:00-18:00,11:00-18:00,11:00-18:00,11:00-18:00,11:00-18:00,11:00-18:00,11:00-18:00,https://www.soba-oohashi.com/,@ohsy.wanchan,,https://tabelog.com/tokyo/A1323/A132301/13030604/,true,,true,true,小型・中型犬1匹300円、大型犬1匹500円の同伴チャージあり,無駄吠えする犬は入店をお断りする場合あり。要事前電話予約。カゴ・足ふきタオル・犬用おやつあり。,2026-08-07,,,
beef0000-0000-4000-8000-000000001026,,ヨネイチ（YONEICHI）,巣鴨（千石）,35.73016,139.73756,東京都文京区千石4-15-7,,false,tokyo,巣鴨駅近くの住宅街にあるスペシャリティコーヒー専門店。犬同伴で店内利用ができる。,,,月・火・木・金・土・日 11:00〜19:00（水曜定休）,水曜定休,11:00-19:00,11:00-19:00,定休,11:00-19:00,11:00-19:00,11:00-19:00,11:00-19:00,https://yoneichi.jp,@yoneichi_official,https://x.com/yoneichi1,,true,,,false,,公式サイトには犬同伴の記載はなく、犬お出かけ専門サイトの情報でのみ確認できた。,2026-08-07,,,
beef0000-0000-4000-8000-000000001027,,ゆんたく酒場 増富商店,巣鴨,35.73418,139.73683,東京都豊島区巣鴨3-31-2 アルカディア篠 1F,03-5972-1035,false,tokyo,巣鴨・とげぬき地蔵通り入口の沖縄料理居酒屋。要予約で小型犬に限り同伴できる。,03-5972-1035,,火〜土 17:00〜翌1:00（L.O.24:00）／日 17:00〜24:00（L.O.23:00）／月定休,月定休,,,,,,,,,,,,true,,false,,小型犬のみ（大型犬不可）,要事前電話予約。無駄吠えしない犬に限る。座布団の用意あり。,2026-08-07,,,
beef0000-0000-4000-8000-000000001028,,桜キッチンカフェ,駒込,35.73595,139.74550,東京都豊島区駒込3-1-16,03-6903-7856,false,tokyo,ソメイヨシノ発祥の地・駒込にある一軒家カフェ。1階テラス席で犬同伴ができる（店内・屋上テラスは不可）。,03-6903-7856,,月・木〜日・祝 10:30〜17:00（L.O.16:30）火・水定休,火・水定休,10:30-17:00,定休,定休,10:30-17:00,10:30-17:00,10:30-17:00,10:30-17:00,,@sakura_kitchen_cafe,,https://tabelog.com/tokyo/A1323/A132301/13206679/,false,true,,,,1階テラス席のみ犬同伴可。屋上テラス・店内は不可。,2026-08-07,,,
beef0000-0000-4000-8000-000000001029,,ICE CREAM PICNIC（アイスクリームピクニック）,本駒込,35.72365,139.75320,東京都文京区本駒込1-3-15 ラプレ本駒込102,080-3449-6234,false,tokyo,本駒込にあるジェラート・アイスクリーム専門店。テーブル・カウンター席にペット同伴で利用できる。,080-3449-6234,,平日・祝前後日 10:00〜18:00／土日祝 10:00〜19:00,,10:00-18:00,10:00-18:00,10:00-18:00,10:00-18:00,10:00-18:00,10:00-19:00,10:00-19:00,https://icecreampicnic.com/,,,https://tabelog.com/tokyo/A1323/A132301/13304405/,true,,,,,テーブル席・カウンター席のみでテラス席はない。公式サイトには犬同伴の記載なし。,2026-08-07,,,
beef0000-0000-4000-8000-000000001030,,海外天,本駒込,35.73064,139.74696,東京都文京区本駒込2-28-10 文京グリーンコート1F,03-5977-3510,false,tokyo,本駒込の中華料理店。ビニール覆い・空調完備のテラス席で犬同伴ができる。,03-5977-3510,,月〜日 11:00〜22:30,,11:00-22:30,11:00-22:30,11:00-22:30,11:00-22:30,11:00-22:30,11:00-22:30,11:00-22:30,,,,https://tabelog.com/tokyo/A1323/A132301/13009889/,false,true,,true,,テラスはビニール覆い・空調完備でカート利用可。お水提供あり。予約不要。,2026-08-07,,,
